County,State,Country
Autauga,Alabama,USA
Baldwin,Alabama,USA
Barbour,Alabama,USA
Bibb,Alabama,USA
Blount,Alabama,USA
Bullock,Alabama,USA
Butler,Alabama,USA
Calhoun,Alabama,USA
Chambers,Alabama,USA
Cherokee,Alabama,USA
Chilton,Alabama,USA
Choctaw,Alabama,USA
Clarke,Alabama,USA
Clay,Alabama,USA
Cleburne,Alabama,USA
Coffee,Alabama,USA
Colbert,Alabama,USA
Conecuh,Alabama,USA
Coosa,Alabama,USA
Covington,Alabama,USA
Crenshaw,Alabama,USA
Cullman,Alabama,USA
Dale,Alabama,USA
Dallas,Alabama,USA
DeKalb,Alabama,USA
Elmore,Alabama,USA
Escambia,Alabama,USA
Etowah,Alabama,USA
Fayette,Alabama,USA
Franklin,Alabama,USA
Geneva,Alabama,USA
Greene,Alabama,USA
Hale,Alabama,USA
Henry,Alabama,USA
Houston,Alabama,USA
Jackson,Alabama,USA
Jefferson,Alabama,USA
Lamar,Alabama,USA
Lauderdale,Alabama,USA
Lawrence,Alabama,USA
Lee,Alabama,USA
Limestone,Alabama,USA
Lowndes,Alabama,USA
Macon,Alabama,USA
Madison,Alabama,USA
Marengo,Alabama,USA
Marion,Alabama,USA
Marshall,Alabama,USA
Mobile,Alabama,USA
Monroe,Alabama,USA
Montgomery,Alabama,USA
Morgan,Alabama,USA
Perry,Alabama,USA
Pickens,Alabama,USA
Pike,Alabama,USA
Randolph,Alabama,USA
Russell,Alabama,USA
Shelby,Alabama,USA
St. Clair,Alabama,USA
Sumter,Alabama,USA
Talladega,Alabama,USA
Tallapoosa,Alabama,USA
Tuscaloosa,Alabama,USA
Walker,Alabama,USA
Washington,Alabama,USA
Wilcox,Alabama,USA
Winston,Alabama,USA
Aleutians East,Alaska,USA
Aleutians West,Alaska,USA
Anchorage,Alaska,USA
Bethel,Alaska,USA
Bristol Bay plus Lake Peninsula,Alaska,USA
Denali,Alaska,USA
Dillingham,Alaska,USA
Fairbanks North Star,Alaska,USA
Haines,Alaska,USA
Juneau,Alaska,USA
Kenai Peninsula,Alaska,USA
Ketchikan Gateway,Alaska,USA
Kodiak Island,Alaska,USA
Kusilvak,Alaska,USA
Matanuska-Susitna,Alaska,USA
Nome,Alaska,USA
North Slope,Alaska,USA
Northwest Arctic,Alaska,USA
Petersburg,Alaska,USA
Prince of Wales-Hyder,Alaska,USA
Sitka,Alaska,USA
Southeast Fairbanks,Alaska,USA
Valdez-Cordova,Alaska,USA
Wrangell,Alaska,USA
Yakutat plus Hoonah-Angoon,Alaska,USA
Yukon-Koyukuk,Alaska,USA
Apache,Arizona,USA
Cochise,Arizona,USA
Coconino,Arizona,USA
Gila,Arizona,USA
Graham,Arizona,USA
Greenlee,Arizona,USA
La Paz,Arizona,USA
Maricopa,Arizona,USA
Mohave,Arizona,USA
Navajo,Arizona,USA
Pima,Arizona,USA
Pinal,Arizona,USA
Santa Cruz,Arizona,USA
Yavapai,Arizona,USA
Yuma,Arizona,USA
Arkansas,Arkansas,USA
Ashley,Arkansas,USA
Baxter,Arkansas,USA
Benton,Arkansas,USA
Boone,Arkansas,USA
Bradley,Arkansas,USA
Calhoun,Arkansas,USA
Carroll,Arkansas,USA
Chicot,Arkansas,USA
Clark,Arkansas,USA
Clay,Arkansas,USA
Cleburne,Arkansas,USA
Cleveland,Arkansas,USA
Columbia,Arkansas,USA
Conway,Arkansas,USA
Craighead,Arkansas,USA
Crawford,Arkansas,USA
Crittenden,Arkansas,USA
Cross,Arkansas,USA
Dallas,Arkansas,USA
Desha,Arkansas,USA
Drew,Arkansas,USA
Faulkner,Arkansas,USA
Franklin,Arkansas,USA
Fulton,Arkansas,USA
Garland,Arkansas,USA
Grant,Arkansas,USA
Greene,Arkansas,USA
Hempstead,Arkansas,USA
Hot Spring,Arkansas,USA
Howard,Arkansas,USA
Independence,Arkansas,USA
Izard,Arkansas,USA
Jackson,Arkansas,USA
Jefferson,Arkansas,USA
Johnson,Arkansas,USA
Lafayette,Arkansas,USA
Lawrence,Arkansas,USA
Lee,Arkansas,USA
Lincoln,Arkansas,USA
Little River,Arkansas,USA
Logan,Arkansas,USA
Lonoke,Arkansas,USA
Madison,Arkansas,USA
Marion,Arkansas,USA
Miller,Arkansas,USA
Mississippi,Arkansas,USA
Monroe,Arkansas,USA
Montgomery,Arkansas,USA
Nevada,Arkansas,USA
Newton,Arkansas,USA
Ouachita,Arkansas,USA
Perry,Arkansas,USA
Phillips,Arkansas,USA
Pike,Arkansas,USA
Poinsett,Arkansas,USA
Polk,Arkansas,USA
Pope,Arkansas,USA
Prairie,Arkansas,USA
Pulaski,Arkansas,USA
Randolph,Arkansas,USA
Saline,Arkansas,USA
Scott,Arkansas,USA
Searcy,Arkansas,USA
Sebastian,Arkansas,USA
Sevier,Arkansas,USA
Sharp,Arkansas,USA
St. Francis,Arkansas,USA
Stone,Arkansas,USA
Union,Arkansas,USA
Van Buren,Arkansas,USA
Washington,Arkansas,USA
White,Arkansas,USA
Woodruff,Arkansas,USA
Yell,Arkansas,USA
Inmates,BOP,USA
Staff,BOP,USA
Alameda,California,USA
Alpine,California,USA
Amador,California,USA
Butte,California,USA
Calaveras,California,USA
Colusa,California,USA
Contra Costa,California,USA
Del Norte,California,USA
El Dorado,California,USA
Fresno,California,USA
Glenn,California,USA
Humboldt,California,USA
Imperial,California,USA
Inyo,California,USA
Kern,California,USA
Kings,California,USA
Lake,California,USA
Lassen,California,USA
Los Angeles,California,USA
Madera,California,USA
Marin,California,USA
Mariposa,California,USA
Mendocino,California,USA
Merced,California,USA
Modoc,California,USA
Mono,California,USA
Monterey,California,USA
Napa,California,USA
Nevada,California,USA
Orange,California,USA
Placer,California,USA
Plumas,California,USA
Riverside,California,USA
Sacramento,California,USA
San Benito,California,USA
San Bernardino,California,USA
San Diego,California,USA
San Francisco,California,USA
San Joaquin,California,USA
San Luis Obispo,California,USA
San Mateo,California,USA
Santa Barbara,California,USA
Santa Clara,California,USA
Santa Cruz,California,USA
Shasta,California,USA
Sierra,California,USA
Siskiyou,California,USA
Solano,California,USA
Sonoma,California,USA
Stanislaus,California,USA
Sutter,California,USA
Tehama,California,USA
Trinity,California,USA
Tulare,California,USA
Tuolumne,California,USA
Ventura,California,USA
Yolo,California,USA
Yuba,California,USA
Adams,Colorado,USA
Alamosa,Colorado,USA
Arapahoe,Colorado,USA
Archuleta,Colorado,USA
Baca,Colorado,USA
Bent,Colorado,USA
Boulder,Colorado,USA
Broomfield,Colorado,USA
Chaffee,Colorado,USA
Cheyenne,Colorado,USA
Clear Creek,Colorado,USA
Conejos,Colorado,USA
Costilla,Colorado,USA
Crowley,Colorado,USA
Custer,Colorado,USA
Delta,Colorado,USA
Denver,Colorado,USA
Dolores,Colorado,USA
Douglas,Colorado,USA
Eagle,Colorado,USA
El Paso,Colorado,USA
Elbert,Colorado,USA
Fremont,Colorado,USA
Garfield,Colorado,USA
Gilpin,Colorado,USA
Grand,Colorado,USA
Gunnison,Colorado,USA
Hinsdale,Colorado,USA
Huerfano,Colorado,USA
International,Colorado,USA
Jackson,Colorado,USA
Jefferson,Colorado,USA
Kit Carson,Colorado,USA
La Plata,Colorado,USA
Lake,Colorado,USA
Larimer,Colorado,USA
Las Animas,Colorado,USA
Lincoln,Colorado,USA
Logan,Colorado,USA
Mesa,Colorado,USA
Mineral,Colorado,USA
Moffat,Colorado,USA
Montezuma,Colorado,USA
Montrose,Colorado,USA
Morgan,Colorado,USA
Otero,Colorado,USA
Ouray,Colorado,USA
Park,Colorado,USA
Phillips,Colorado,USA
Pitkin,Colorado,USA
Prowers,Colorado,USA
Pueblo,Colorado,USA
Rio Blanco,Colorado,USA
Rio Grande,Colorado,USA
Routt,Colorado,USA
Saguache,Colorado,USA
San Juan,Colorado,USA
San Miguel,Colorado,USA
Sedgwick,Colorado,USA
Summit,Colorado,USA
Teller,Colorado,USA
Washington,Colorado,USA
Weld,Colorado,USA
Yuma,Colorado,USA
Fairfield,Connecticut,USA
Hartford,Connecticut,USA
Litchfield,Connecticut,USA
Middlesex,Connecticut,USA
New Haven,Connecticut,USA
New London,Connecticut,USA
Tolland,Connecticut,USA
Windham,Connecticut,USA
Kent,Delaware,USA
New Castle,Delaware,USA
Sussex,Delaware,USA
Riverside,Diamond Princess,USA
San Diego,Diamond Princess,USA
Sonoma,Diamond Princess,USA
District of Columbia,District of Columbia,USA
Alachua,Florida,USA
Baker,Florida,USA
Bay,Florida,USA
Bradford,Florida,USA
Brevard,Florida,USA
Broward,Florida,USA
Calhoun,Florida,USA
Charlotte,Florida,USA
Citrus,Florida,USA
Clay,Florida,USA
Collier,Florida,USA
Columbia,Florida,USA
DeSoto,Florida,USA
Dixie,Florida,USA
Duval,Florida,USA
Escambia,Florida,USA
Flagler,Florida,USA
Franklin,Florida,USA
Gadsden,Florida,USA
Gilchrist,Florida,USA
Glades,Florida,USA
Gulf,Florida,USA
Hamilton,Florida,USA
Hardee,Florida,USA
Hendry,Florida,USA
Hernando,Florida,USA
Highlands,Florida,USA
Hillsborough,Florida,USA
Holmes,Florida,USA
Indian River,Florida,USA
Jackson,Florida,USA
Jefferson,Florida,USA
Lafayette,Florida,USA
Lake,Florida,USA
Lee,Florida,USA
Leon,Florida,USA
Levy,Florida,USA
Liberty,Florida,USA
Madison,Florida,USA
Manatee,Florida,USA
Marion,Florida,USA
Martin,Florida,USA
Miami-Dade,Florida,USA
Monroe,Florida,USA
Nassau,Florida,USA
Okaloosa,Florida,USA
Okeechobee,Florida,USA
Orange,Florida,USA
Osceola,Florida,USA
Palm Beach,Florida,USA
Pasco,Florida,USA
Pinellas,Florida,USA
Polk,Florida,USA
Putnam,Florida,USA
Santa Rosa,Florida,USA
Sarasota,Florida,USA
Seminole,Florida,USA
St. Johns,Florida,USA
St. Lucie,Florida,USA
Sumter,Florida,USA
Suwannee,Florida,USA
Taylor,Florida,USA
Union,Florida,USA
Volusia,Florida,USA
Wakulla,Florida,USA
Walton,Florida,USA
Washington,Florida,USA
Appling,Georgia,USA
Atkinson,Georgia,USA
Bacon,Georgia,USA
Baker,Georgia,USA
Baldwin,Georgia,USA
Banks,Georgia,USA
Barrow,Georgia,USA
Bartow,Georgia,USA
Ben Hill,Georgia,USA
Berrien,Georgia,USA
Bibb,Georgia,USA
Bleckley,Georgia,USA
Brantley,Georgia,USA
Brooks,Georgia,USA
Bryan,Georgia,USA
Bulloch,Georgia,USA
Burke,Georgia,USA
Butts,Georgia,USA
Calhoun,Georgia,USA
Camden,Georgia,USA
Candler,Georgia,USA
Carroll,Georgia,USA
Catoosa,Georgia,USA
Charlton,Georgia,USA
Chatham,Georgia,USA
Chattahoochee,Georgia,USA
Chattooga,Georgia,USA
Cherokee,Georgia,USA
Clarke,Georgia,USA
Clay,Georgia,USA
Clayton,Georgia,USA
Clinch,Georgia,USA
Cobb,Georgia,USA
Coffee,Georgia,USA
Colquitt,Georgia,USA
Columbia,Georgia,USA
Cook,Georgia,USA
Coweta,Georgia,USA
Crawford,Georgia,USA
Crisp,Georgia,USA
Dade,Georgia,USA
Dawson,Georgia,USA
DeKalb,Georgia,USA
Decatur,Georgia,USA
Dodge,Georgia,USA
Dooly,Georgia,USA
Dougherty,Georgia,USA
Douglas,Georgia,USA
Early,Georgia,USA
Echols,Georgia,USA
Effingham,Georgia,USA
Elbert,Georgia,USA
Emanuel,Georgia,USA
Evans,Georgia,USA
Fannin,Georgia,USA
Fayette,Georgia,USA
Floyd,Georgia,USA
Forsyth,Georgia,USA
Franklin,Georgia,USA
Fulton,Georgia,USA
Gilmer,Georgia,USA
Glascock,Georgia,USA
Glynn,Georgia,USA
Gordon,Georgia,USA
Grady,Georgia,USA
Greene,Georgia,USA
Gwinnett,Georgia,USA
Habersham,Georgia,USA
Hall,Georgia,USA
Hancock,Georgia,USA
Haralson,Georgia,USA
Harris,Georgia,USA
Hart,Georgia,USA
Heard,Georgia,USA
Henry,Georgia,USA
Houston,Georgia,USA
Irwin,Georgia,USA
Jackson,Georgia,USA
Jasper,Georgia,USA
Jeff Davis,Georgia,USA
Jefferson,Georgia,USA
Jenkins,Georgia,USA
Johnson,Georgia,USA
Jones,Georgia,USA
Lamar,Georgia,USA
Lanier,Georgia,USA
Laurens,Georgia,USA
Lee,Georgia,USA
Liberty,Georgia,USA
Lincoln,Georgia,USA
Long,Georgia,USA
Lowndes,Georgia,USA
Lumpkin,Georgia,USA
Macon,Georgia,USA
Madison,Georgia,USA
Marion,Georgia,USA
McDuffie,Georgia,USA
McIntosh,Georgia,USA
Meriwether,Georgia,USA
Miller,Georgia,USA
Mitchell,Georgia,USA
Monroe,Georgia,USA
Montgomery,Georgia,USA
Morgan,Georgia,USA
Murray,Georgia,USA
Muscogee,Georgia,USA
Newton,Georgia,USA
Non-Georgia Resident,Georgia,USA
Oconee,Georgia,USA
Oglethorpe,Georgia,USA
Paulding,Georgia,USA
Peach,Georgia,USA
Pickens,Georgia,USA
Pierce,Georgia,USA
Pike,Georgia,USA
Polk,Georgia,USA
Pulaski,Georgia,USA
Putnam,Georgia,USA
Quitman,Georgia,USA
Rabun,Georgia,USA
Randolph,Georgia,USA
Richmond,Georgia,USA
Rockdale,Georgia,USA
Schley,Georgia,USA
Screven,Georgia,USA
Seminole,Georgia,USA
Spalding,Georgia,USA
Stephens,Georgia,USA
Stewart,Georgia,USA
Sumter,Georgia,USA
Talbot,Georgia,USA
Taliaferro,Georgia,USA
Tattnall,Georgia,USA
Taylor,Georgia,USA
Telfair,Georgia,USA
Terrell,Georgia,USA
Thomas,Georgia,USA
Tift,Georgia,USA
Toombs,Georgia,USA
Towns,Georgia,USA
Treutlen,Georgia,USA
Troup,Georgia,USA
Turner,Georgia,USA
Twiggs,Georgia,USA
Union,Georgia,USA
Upson,Georgia,USA
Walker,Georgia,USA
Walton,Georgia,USA
Ware,Georgia,USA
Warren,Georgia,USA
Washington,Georgia,USA
Wayne,Georgia,USA
Webster,Georgia,USA
Wheeler,Georgia,USA
White,Georgia,USA
Whitfield,Georgia,USA
Wilcox,Georgia,USA
Wilkes,Georgia,USA
Wilkinson,Georgia,USA
Worth,Georgia,USA
San Diego,Grand Princess,USA
Solano,Grand Princess,USA
Guam,Guam,USA
Hawaii,Hawaii,USA
Honolulu,Hawaii,USA
Kauai,Hawaii,USA
Maui,Hawaii,USA
Residents Diagnosed Outside of HI,Hawaii,USA
Ada,Idaho,USA
Adams,Idaho,USA
Bannock,Idaho,USA
Bear Lake,Idaho,USA
Benewah,Idaho,USA
Bingham,Idaho,USA
Blaine,Idaho,USA
Boise,Idaho,USA
Bonner,Idaho,USA
Bonneville,Idaho,USA
Boundary,Idaho,USA
Butte,Idaho,USA
Camas,Idaho,USA
Canyon,Idaho,USA
Caribou,Idaho,USA
Cassia,Idaho,USA
Clark,Idaho,USA
Clearwater,Idaho,USA
Custer,Idaho,USA
Elmore,Idaho,USA
Franklin,Idaho,USA
Fremont,Idaho,USA
Gem,Idaho,USA
Gooding,Idaho,USA
Idaho,Idaho,USA
Jefferson,Idaho,USA
Jerome,Idaho,USA
Kootenai,Idaho,USA
Latah,Idaho,USA
Lemhi,Idaho,USA
Lewis,Idaho,USA
Lincoln,Idaho,USA
Madison,Idaho,USA
Minidoka,Idaho,USA
Nez Perce,Idaho,USA
Oneida,Idaho,USA
Owyhee,Idaho,USA
Payette,Idaho,USA
Power,Idaho,USA
Shoshone,Idaho,USA
Teton,Idaho,USA
Twin Falls,Idaho,USA
Valley,Idaho,USA
Washington,Idaho,USA
Adams,Illinois,USA
Alexander,Illinois,USA
Bond,Illinois,USA
Boone,Illinois,USA
Brown,Illinois,USA
Bureau,Illinois,USA
Calhoun,Illinois,USA
Carroll,Illinois,USA
Cass,Illinois,USA
Champaign,Illinois,USA
Christian,Illinois,USA
Clark,Illinois,USA
Clay,Illinois,USA
Clinton,Illinois,USA
Coles,Illinois,USA
Cook,Illinois,USA
Crawford,Illinois,USA
Cumberland,Illinois,USA
De Witt,Illinois,USA
DeKalb,Illinois,USA
Douglas,Illinois,USA
DuPage,Illinois,USA
Edgar,Illinois,USA
Edwards,Illinois,USA
Effingham,Illinois,USA
Fayette,Illinois,USA
Ford,Illinois,USA
Franklin,Illinois,USA
Fulton,Illinois,USA
Gallatin,Illinois,USA
Greene,Illinois,USA
Grundy,Illinois,USA
Hamilton,Illinois,USA
Hancock,Illinois,USA
Hardin,Illinois,USA
Henderson,Illinois,USA
Henry,Illinois,USA
Iroquois,Illinois,USA
Jackson,Illinois,USA
Jasper,Illinois,USA
Jefferson,Illinois,USA
Jersey,Illinois,USA
Jo Daviess,Illinois,USA
Johnson,Illinois,USA
Kane,Illinois,USA
Kankakee,Illinois,USA
Kendall,Illinois,USA
Knox,Illinois,USA
LaSalle,Illinois,USA
Lake,Illinois,USA
Lawrence,Illinois,USA
Lee,Illinois,USA
Livingston,Illinois,USA
Logan,Illinois,USA
Macon,Illinois,USA
Macoupin,Illinois,USA
Madison,Illinois,USA
Marion,Illinois,USA
Marshall,Illinois,USA
Mason,Illinois,USA
Massac,Illinois,USA
McDonough,Illinois,USA
McHenry,Illinois,USA
McLean,Illinois,USA
Menard,Illinois,USA
Mercer,Illinois,USA
Monroe,Illinois,USA
Montgomery,Illinois,USA
Morgan,Illinois,USA
Moultrie,Illinois,USA
Ogle,Illinois,USA
Out of state,Illinois,USA
Peoria,Illinois,USA
Perry,Illinois,USA
Piatt,Illinois,USA
Pike,Illinois,USA
Pope,Illinois,USA
Pulaski,Illinois,USA
Putnam,Illinois,USA
Randolph,Illinois,USA
Richland,Illinois,USA
Rock Island,Illinois,USA
Saline,Illinois,USA
Sangamon,Illinois,USA
Schuyler,Illinois,USA
Scott,Illinois,USA
Shelby,Illinois,USA
St. Clair,Illinois,USA
Stark,Illinois,USA
Stephenson,Illinois,USA
Tazewell,Illinois,USA
Union,Illinois,USA
Vermilion,Illinois,USA
Wabash,Illinois,USA
Warren,Illinois,USA
Washington,Illinois,USA
Wayne,Illinois,USA
White,Illinois,USA
Whiteside,Illinois,USA
Will,Illinois,USA
Williamson,Illinois,USA
Winnebago,Illinois,USA
Woodford,Illinois,USA
Adams,Indiana,USA
Allen,Indiana,USA
Bartholomew,Indiana,USA
Benton,Indiana,USA
Blackford,Indiana,USA
Boone,Indiana,USA
Brown,Indiana,USA
Carroll,Indiana,USA
Cass,Indiana,USA
Clark,Indiana,USA
Clay,Indiana,USA
Clinton,Indiana,USA
Crawford,Indiana,USA
Daviess,Indiana,USA
DeKalb,Indiana,USA
Dearborn,Indiana,USA
Decatur,Indiana,USA
Delaware,Indiana,USA
Dubois,Indiana,USA
Elkhart,Indiana,USA
Fayette,Indiana,USA
Floyd,Indiana,USA
Fountain,Indiana,USA
Franklin,Indiana,USA
Fulton,Indiana,USA
Gibson,Indiana,USA
Grant,Indiana,USA
Greene,Indiana,USA
Hamilton,Indiana,USA
Hancock,Indiana,USA
Harrison,Indiana,USA
Hendricks,Indiana,USA
Henry,Indiana,USA
Howard,Indiana,USA
Huntington,Indiana,USA
Jackson,Indiana,USA
Jasper,Indiana,USA
Jay,Indiana,USA
Jefferson,Indiana,USA
Jennings,Indiana,USA
Johnson,Indiana,USA
Knox,Indiana,USA
Kosciusko,Indiana,USA
LaGrange,Indiana,USA
LaPorte,Indiana,USA
Lake,Indiana,USA
Lawrence,Indiana,USA
Madison,Indiana,USA
Marion,Indiana,USA
Marshall,Indiana,USA
Martin,Indiana,USA
Miami,Indiana,USA
Monroe,Indiana,USA
Montgomery,Indiana,USA
Morgan,Indiana,USA
Newton,Indiana,USA
Noble,Indiana,USA
Ohio,Indiana,USA
Orange,Indiana,USA
Owen,Indiana,USA
Parke,Indiana,USA
Perry,Indiana,USA
Pike,Indiana,USA
Porter,Indiana,USA
Posey,Indiana,USA
Pulaski,Indiana,USA
Putnam,Indiana,USA
Randolph,Indiana,USA
Ripley,Indiana,USA
Rush,Indiana,USA
Scott,Indiana,USA
Shelby,Indiana,USA
Spencer,Indiana,USA
St. Joseph,Indiana,USA
Starke,Indiana,USA
Steuben,Indiana,USA
Sullivan,Indiana,USA
Switzerland,Indiana,USA
Tippecanoe,Indiana,USA
Tipton,Indiana,USA
Union,Indiana,USA
Vanderburgh,Indiana,USA
Vermillion,Indiana,USA
Vigo,Indiana,USA
Wabash,Indiana,USA
Warren,Indiana,USA
Warrick,Indiana,USA
Washington,Indiana,USA
Wayne,Indiana,USA
Wells,Indiana,USA
White,Indiana,USA
Whitley,Indiana,USA
Adair,Iowa,USA
Adams,Iowa,USA
Allamakee,Iowa,USA
Appanoose,Iowa,USA
Audubon,Iowa,USA
Benton,Iowa,USA
Black Hawk,Iowa,USA
Boone,Iowa,USA
Bremer,Iowa,USA
Buchanan,Iowa,USA
Buena Vista,Iowa,USA
Butler,Iowa,USA
Calhoun,Iowa,USA
Carroll,Iowa,USA
Cass,Iowa,USA
Cedar,Iowa,USA
Cerro Gordo,Iowa,USA
Cherokee,Iowa,USA
Chickasaw,Iowa,USA
Clarke,Iowa,USA
Clay,Iowa,USA
Clayton,Iowa,USA
Clinton,Iowa,USA
Crawford,Iowa,USA
Dallas,Iowa,USA
Davis,Iowa,USA
Decatur,Iowa,USA
Delaware,Iowa,USA
Des Moines,Iowa,USA
Dickinson,Iowa,USA
Dubuque,Iowa,USA
Emmet,Iowa,USA
Fayette,Iowa,USA
Floyd,Iowa,USA
Franklin,Iowa,USA
Fremont,Iowa,USA
Greene,Iowa,USA
Grundy,Iowa,USA
Guthrie,Iowa,USA
Hamilton,Iowa,USA
Hancock,Iowa,USA
Hardin,Iowa,USA
Harrison,Iowa,USA
Henry,Iowa,USA
Howard,Iowa,USA
Humboldt,Iowa,USA
Ida,Iowa,USA
Iowa,Iowa,USA
Jackson,Iowa,USA
Jasper,Iowa,USA
Jefferson,Iowa,USA
Johnson,Iowa,USA
Jones,Iowa,USA
Keokuk,Iowa,USA
Kossuth,Iowa,USA
Lee,Iowa,USA
Linn,Iowa,USA
Louisa,Iowa,USA
Lucas,Iowa,USA
Lyon,Iowa,USA
Madison,Iowa,USA
Mahaska,Iowa,USA
Marion,Iowa,USA
Marshall,Iowa,USA
Mills,Iowa,USA
Mitchell,Iowa,USA
Monona,Iowa,USA
Monroe,Iowa,USA
Montgomery,Iowa,USA
Muscatine,Iowa,USA
O'Brien,Iowa,USA
Osceola,Iowa,USA
Page,Iowa,USA
Palo Alto,Iowa,USA
Plymouth,Iowa,USA
Pocahontas,Iowa,USA
Polk,Iowa,USA
Pottawattamie,Iowa,USA
Poweshiek,Iowa,USA
Ringgold,Iowa,USA
Sac,Iowa,USA
Scott,Iowa,USA
Shelby,Iowa,USA
Sioux,Iowa,USA
Story,Iowa,USA
Tama,Iowa,USA
Taylor,Iowa,USA
Union,Iowa,USA
Van Buren,Iowa,USA
Wapello,Iowa,USA
Warren,Iowa,USA
Washington,Iowa,USA
Wayne,Iowa,USA
Webster,Iowa,USA
Winnebago,Iowa,USA
Winneshiek,Iowa,USA
Woodbury,Iowa,USA
Worth,Iowa,USA
Wright,Iowa,USA
Allen,Kansas,USA
Anderson,Kansas,USA
Atchison,Kansas,USA
Barber,Kansas,USA
Barton,Kansas,USA
Bourbon,Kansas,USA
Brown,Kansas,USA
Butler,Kansas,USA
Chase,Kansas,USA
Chautauqua,Kansas,USA
Cherokee,Kansas,USA
Cheyenne,Kansas,USA
Clark,Kansas,USA
Clay,Kansas,USA
Cloud,Kansas,USA
Coffey,Kansas,USA
Comanche,Kansas,USA
Cowley,Kansas,USA
Crawford,Kansas,USA
Decatur,Kansas,USA
Dickinson,Kansas,USA
Doniphan,Kansas,USA
Douglas,Kansas,USA
Edwards,Kansas,USA
Elk,Kansas,USA
Ellis,Kansas,USA
Ellsworth,Kansas,USA
Finney,Kansas,USA
Ford,Kansas,USA
Franklin,Kansas,USA
Geary,Kansas,USA
Gove,Kansas,USA
Graham,Kansas,USA
Grant,Kansas,USA
Gray,Kansas,USA
Greeley,Kansas,USA
Greenwood,Kansas,USA
Hamilton,Kansas,USA
Harper,Kansas,USA
Harvey,Kansas,USA
Haskell,Kansas,USA
Hodgeman,Kansas,USA
Jackson,Kansas,USA
Jefferson,Kansas,USA
Jewell,Kansas,USA
Johnson,Kansas,USA
Kearny,Kansas,USA
Kingman,Kansas,USA
Kiowa,Kansas,USA
Labette,Kansas,USA
Lane,Kansas,USA
Leavenworth,Kansas,USA
Lincoln,Kansas,USA
Linn,Kansas,USA
Logan,Kansas,USA
Lyon,Kansas,USA
Marion,Kansas,USA
Marshall,Kansas,USA
McPherson,Kansas,USA
Meade,Kansas,USA
Miami,Kansas,USA
Mitchell,Kansas,USA
Montgomery,Kansas,USA
Morris,Kansas,USA
Morton,Kansas,USA
Nemaha,Kansas,USA
Neosho,Kansas,USA
Ness,Kansas,USA
Norton,Kansas,USA
Osage,Kansas,USA
Osborne,Kansas,USA
Ottawa,Kansas,USA
Pawnee,Kansas,USA
Phillips,Kansas,USA
Pottawatomie,Kansas,USA
Pratt,Kansas,USA
Reno,Kansas,USA
Republic,Kansas,USA
Rice,Kansas,USA
Riley,Kansas,USA
Rooks,Kansas,USA
Rush,Kansas,USA
Russell,Kansas,USA
Saline,Kansas,USA
Scott,Kansas,USA
Sedgwick,Kansas,USA
Seward,Kansas,USA
Shawnee,Kansas,USA
Sheridan,Kansas,USA
Sherman,Kansas,USA
Smith,Kansas,USA
Stafford,Kansas,USA
Stanton,Kansas,USA
Stevens,Kansas,USA
Sumner,Kansas,USA
Thomas,Kansas,USA
Trego,Kansas,USA
Wabaunsee,Kansas,USA
Wallace,Kansas,USA
Washington,Kansas,USA
Wichita,Kansas,USA
Wilson,Kansas,USA
Woodson,Kansas,USA
Wyandotte,Kansas,USA
Adair,Kentucky,USA
Allen,Kentucky,USA
Anderson,Kentucky,USA
Ballard,Kentucky,USA
Barren,Kentucky,USA
Bath,Kentucky,USA
Bell,Kentucky,USA
Boone,Kentucky,USA
Bourbon,Kentucky,USA
Boyd,Kentucky,USA
Boyle,Kentucky,USA
Bracken,Kentucky,USA
Breathitt,Kentucky,USA
Breckinridge,Kentucky,USA
Bullitt,Kentucky,USA
Butler,Kentucky,USA
Caldwell,Kentucky,USA
Calloway,Kentucky,USA
Campbell,Kentucky,USA
Carlisle,Kentucky,USA
Carroll,Kentucky,USA
Carter,Kentucky,USA
Casey,Kentucky,USA
Christian,Kentucky,USA
Clark,Kentucky,USA
Clay,Kentucky,USA
Clinton,Kentucky,USA
Crittenden,Kentucky,USA
Cumberland,Kentucky,USA
Daviess,Kentucky,USA
Edmonson,Kentucky,USA
Elliott,Kentucky,USA
Estill,Kentucky,USA
Fayette,Kentucky,USA
Fleming,Kentucky,USA
Floyd,Kentucky,USA
Franklin,Kentucky,USA
Fulton,Kentucky,USA
Gallatin,Kentucky,USA
Garrard,Kentucky,USA
Grant,Kentucky,USA
Graves,Kentucky,USA
Grayson,Kentucky,USA
Green,Kentucky,USA
Greenup,Kentucky,USA
Hancock,Kentucky,USA
Hardin,Kentucky,USA
Harlan,Kentucky,USA
Harrison,Kentucky,USA
Hart,Kentucky,USA
Henderson,Kentucky,USA
Henry,Kentucky,USA
Hickman,Kentucky,USA
Hopkins,Kentucky,USA
Jackson,Kentucky,USA
Jefferson,Kentucky,USA
Jessamine,Kentucky,USA
Johnson,Kentucky,USA
Kenton,Kentucky,USA
Knott,Kentucky,USA
Knox,Kentucky,USA
Larue,Kentucky,USA
Laurel,Kentucky,USA
Lawrence,Kentucky,USA
Lee,Kentucky,USA
Leslie,Kentucky,USA
Letcher,Kentucky,USA
Lewis,Kentucky,USA
Lincoln,Kentucky,USA
Livingston,Kentucky,USA
Logan,Kentucky,USA
Lyon,Kentucky,USA
Madison,Kentucky,USA
Magoffin,Kentucky,USA
Marion,Kentucky,USA
Marshall,Kentucky,USA
Martin,Kentucky,USA
Mason,Kentucky,USA
McCracken,Kentucky,USA
McCreary,Kentucky,USA
McLean,Kentucky,USA
Meade,Kentucky,USA
Menifee,Kentucky,USA
Mercer,Kentucky,USA
Metcalfe,Kentucky,USA
Monroe,Kentucky,USA
Montgomery,Kentucky,USA
Morgan,Kentucky,USA
Muhlenberg,Kentucky,USA
Nelson,Kentucky,USA
Nicholas,Kentucky,USA
Ohio,Kentucky,USA
Oldham,Kentucky,USA
Owen,Kentucky,USA
Owsley,Kentucky,USA
Pendleton,Kentucky,USA
Perry,Kentucky,USA
Pike,Kentucky,USA
Powell,Kentucky,USA
Pulaski,Kentucky,USA
Robertson,Kentucky,USA
Rockcastle,Kentucky,USA
Rowan,Kentucky,USA
Russell,Kentucky,USA
Scott,Kentucky,USA
Shelby,Kentucky,USA
Simpson,Kentucky,USA
Spencer,Kentucky,USA
Taylor,Kentucky,USA
Todd,Kentucky,USA
Trigg,Kentucky,USA
Trimble,Kentucky,USA
Union,Kentucky,USA
Warren,Kentucky,USA
Washington,Kentucky,USA
Wayne,Kentucky,USA
Webster,Kentucky,USA
Whitley,Kentucky,USA
Wolfe,Kentucky,USA
Woodford,Kentucky,USA
Acadia,Louisiana,USA
Allen,Louisiana,USA
Ascension,Louisiana,USA
Assumption,Louisiana,USA
Avoyelles,Louisiana,USA
Beauregard,Louisiana,USA
Bienville,Louisiana,USA
Bossier,Louisiana,USA
Caddo,Louisiana,USA
Calcasieu,Louisiana,USA
Caldwell,Louisiana,USA
Cameron,Louisiana,USA
Catahoula,Louisiana,USA
Claiborne,Louisiana,USA
Concordia,Louisiana,USA
De Soto,Louisiana,USA
East Baton Rouge,Louisiana,USA
East Carroll,Louisiana,USA
East Feliciana,Louisiana,USA
Evangeline,Louisiana,USA
Franklin,Louisiana,USA
Grant,Louisiana,USA
Iberia,Louisiana,USA
Iberville,Louisiana,USA
Jackson,Louisiana,USA
Jefferson,Louisiana,USA
Jefferson Davis,Louisiana,USA
LaSalle,Louisiana,USA
Lafayette,Louisiana,USA
Lafourche,Louisiana,USA
Lincoln,Louisiana,USA
Livingston,Louisiana,USA
Madison,Louisiana,USA
Morehouse,Louisiana,USA
Natchitoches,Louisiana,USA
Orleans,Louisiana,USA
Ouachita,Louisiana,USA
Plaquemines,Louisiana,USA
Pointe Coupee,Louisiana,USA
Rapides,Louisiana,USA
Red River,Louisiana,USA
Richland,Louisiana,USA
Sabine,Louisiana,USA
St. Bernard,Louisiana,USA
St. Charles,Louisiana,USA
St. Helena,Louisiana,USA
St. James,Louisiana,USA
St. John the Baptist,Louisiana,USA
St. Landry,Louisiana,USA
St. Martin,Louisiana,USA
St. Mary,Louisiana,USA
St. Tammany,Louisiana,USA
Tangipahoa,Louisiana,USA
Tensas,Louisiana,USA
Terrebonne,Louisiana,USA
Union,Louisiana,USA
Vermilion,Louisiana,USA
Vernon,Louisiana,USA
Washington,Louisiana,USA
Webster,Louisiana,USA
West Baton Rouge,Louisiana,USA
West Carroll,Louisiana,USA
West Feliciana,Louisiana,USA
Winn,Louisiana,USA
Androscoggin,Maine,USA
Aroostook,Maine,USA
Cumberland,Maine,USA
Franklin,Maine,USA
Hancock,Maine,USA
Kennebec,Maine,USA
Knox,Maine,USA
Lincoln,Maine,USA
Oxford,Maine,USA
Penobscot,Maine,USA
Piscataquis,Maine,USA
Sagadahoc,Maine,USA
Somerset,Maine,USA
Waldo,Maine,USA
Washington,Maine,USA
York,Maine,USA
Allegany,Maryland,USA
Anne Arundel,Maryland,USA
Baltimore,Maryland,USA
Baltimore City,Maryland,USA
Calvert,Maryland,USA
Caroline,Maryland,USA
Carroll,Maryland,USA
Cecil,Maryland,USA
Charles,Maryland,USA
Dorchester,Maryland,USA
Frederick,Maryland,USA
Garrett,Maryland,USA
Harford,Maryland,USA
Howard,Maryland,USA
Kent,Maryland,USA
Montgomery,Maryland,USA
Prince George's,Maryland,USA
Queen Anne's,Maryland,USA
Somerset,Maryland,USA
St. Mary's,Maryland,USA
Talbot,Maryland,USA
Washington,Maryland,USA
Wicomico,Maryland,USA
Worcester,Maryland,USA
Barnstable,Massachusetts,USA
Berkshire,Massachusetts,USA
Bristol,Massachusetts,USA
Dukes,Massachusetts,USA
Essex,Massachusetts,USA
Franklin,Massachusetts,USA
Hampden,Massachusetts,USA
Hampshire,Massachusetts,USA
Middlesex,Massachusetts,USA
Nantucket,Massachusetts,USA
Norfolk,Massachusetts,USA
Plymouth,Massachusetts,USA
Suffolk,Massachusetts,USA
Worcester,Massachusetts,USA
Alcona,Michigan,USA
Alger,Michigan,USA
Allegan,Michigan,USA
Alpena,Michigan,USA
Antrim,Michigan,USA
Arenac,Michigan,USA
Baraga,Michigan,USA
Barry,Michigan,USA
Bay,Michigan,USA
Benzie,Michigan,USA
Berrien,Michigan,USA
Branch,Michigan,USA
Calhoun,Michigan,USA
Cass,Michigan,USA
Charlevoix,Michigan,USA
Cheboygan,Michigan,USA
Chippewa,Michigan,USA
Clare,Michigan,USA
Clinton,Michigan,USA
Crawford,Michigan,USA
Delta,Michigan,USA
Dickinson,Michigan,USA
Eaton,Michigan,USA
Emmet,Michigan,USA
Federal Correctional Institution (FCI),Michigan,USA
Genesee,Michigan,USA
Gladwin,Michigan,USA
Gogebic,Michigan,USA
Grand Traverse,Michigan,USA
Gratiot,Michigan,USA
Hillsdale,Michigan,USA
Houghton,Michigan,USA
Huron,Michigan,USA
Ingham,Michigan,USA
Ionia,Michigan,USA
Iosco,Michigan,USA
Iron,Michigan,USA
Isabella,Michigan,USA
Jackson,Michigan,USA
Kalamazoo,Michigan,USA
Kalkaska,Michigan,USA
Kent,Michigan,USA
Keweenaw,Michigan,USA
Lake,Michigan,USA
Lapeer,Michigan,USA
Leelanau,Michigan,USA
Lenawee,Michigan,USA
Livingston,Michigan,USA
Luce,Michigan,USA
Mackinac,Michigan,USA
Macomb,Michigan,USA
Manistee,Michigan,USA
Marquette,Michigan,USA
Mason,Michigan,USA
Mecosta,Michigan,USA
Menominee,Michigan,USA
Michigan Department of Corrections (MDOC),Michigan,USA
Midland,Michigan,USA
Missaukee,Michigan,USA
Monroe,Michigan,USA
Montcalm,Michigan,USA
Montmorency,Michigan,USA
Muskegon,Michigan,USA
Newaygo,Michigan,USA
Oakland,Michigan,USA
Oceana,Michigan,USA
Ogemaw,Michigan,USA
Ontonagon,Michigan,USA
Osceola,Michigan,USA
Oscoda,Michigan,USA
Otsego,Michigan,USA
Ottawa,Michigan,USA
Out of State,Michigan,USA
Presque Isle,Michigan,USA
Roscommon,Michigan,USA
Saginaw,Michigan,USA
Sanilac,Michigan,USA
Schoolcraft,Michigan,USA
Shiawassee,Michigan,USA
St. Clair,Michigan,USA
St. Joseph,Michigan,USA
Tuscola,Michigan,USA
Van Buren,Michigan,USA
Washtenaw,Michigan,USA
Wayne,Michigan,USA
Wexford,Michigan,USA
Air Force,Military,USA
Army,Military,USA
Marine Corps,Military,USA
Navy,Military,USA
Aitkin,Minnesota,USA
Anoka,Minnesota,USA
Becker,Minnesota,USA
Beltrami,Minnesota,USA
Benton,Minnesota,USA
Big Stone,Minnesota,USA
Blue Earth,Minnesota,USA
Brown,Minnesota,USA
Carlton,Minnesota,USA
Carver,Minnesota,USA
Cass,Minnesota,USA
Chippewa,Minnesota,USA
Chisago,Minnesota,USA
Clay,Minnesota,USA
Clearwater,Minnesota,USA
Cook,Minnesota,USA
Cottonwood,Minnesota,USA
Crow Wing,Minnesota,USA
Dakota,Minnesota,USA
Dodge,Minnesota,USA
Douglas,Minnesota,USA
Faribault,Minnesota,USA
Fillmore,Minnesota,USA
Freeborn,Minnesota,USA
Goodhue,Minnesota,USA
Grant,Minnesota,USA
Hennepin,Minnesota,USA
Houston,Minnesota,USA
Hubbard,Minnesota,USA
Isanti,Minnesota,USA
Itasca,Minnesota,USA
Jackson,Minnesota,USA
Kanabec,Minnesota,USA
Kandiyohi,Minnesota,USA
Kittson,Minnesota,USA
Koochiching,Minnesota,USA
Lac qui Parle,Minnesota,USA
Lake,Minnesota,USA
Lake of the Woods,Minnesota,USA
Le Sueur,Minnesota,USA
Lincoln,Minnesota,USA
Lyon,Minnesota,USA
Mahnomen,Minnesota,USA
Marshall,Minnesota,USA
Martin,Minnesota,USA
McLeod,Minnesota,USA
Meeker,Minnesota,USA
Mille Lacs,Minnesota,USA
Morrison,Minnesota,USA
Mower,Minnesota,USA
Murray,Minnesota,USA
Nicollet,Minnesota,USA
Nobles,Minnesota,USA
Norman,Minnesota,USA
Olmsted,Minnesota,USA
Otter Tail,Minnesota,USA
Pennington,Minnesota,USA
Pine,Minnesota,USA
Pipestone,Minnesota,USA
Polk,Minnesota,USA
Pope,Minnesota,USA
Ramsey,Minnesota,USA
Red Lake,Minnesota,USA
Redwood,Minnesota,USA
Renville,Minnesota,USA
Rice,Minnesota,USA
Rock,Minnesota,USA
Roseau,Minnesota,USA
Scott,Minnesota,USA
Sherburne,Minnesota,USA
Sibley,Minnesota,USA
St. Louis,Minnesota,USA
Stearns,Minnesota,USA
Steele,Minnesota,USA
Stevens,Minnesota,USA
Swift,Minnesota,USA
Todd,Minnesota,USA
Traverse,Minnesota,USA
Wabasha,Minnesota,USA
Wadena,Minnesota,USA
Waseca,Minnesota,USA
Washington,Minnesota,USA
Watonwan,Minnesota,USA
Wilkin,Minnesota,USA
Winona,Minnesota,USA
Wright,Minnesota,USA
Yellow Medicine,Minnesota,USA
Adams,Mississippi,USA
Alcorn,Mississippi,USA
Amite,Mississippi,USA
Attala,Mississippi,USA
Benton,Mississippi,USA
Bolivar,Mississippi,USA
Calhoun,Mississippi,USA
Carroll,Mississippi,USA
Chickasaw,Mississippi,USA
Choctaw,Mississippi,USA
Claiborne,Mississippi,USA
Clarke,Mississippi,USA
Clay,Mississippi,USA
Coahoma,Mississippi,USA
Copiah,Mississippi,USA
Covington,Mississippi,USA
DeSoto,Mississippi,USA
Forrest,Mississippi,USA
Franklin,Mississippi,USA
George,Mississippi,USA
Greene,Mississippi,USA
Grenada,Mississippi,USA
Hancock,Mississippi,USA
Harrison,Mississippi,USA
Hinds,Mississippi,USA
Holmes,Mississippi,USA
Humphreys,Mississippi,USA
Issaquena,Mississippi,USA
Itawamba,Mississippi,USA
Jackson,Mississippi,USA
Jasper,Mississippi,USA
Jefferson,Mississippi,USA
Jefferson Davis,Mississippi,USA
Jones,Mississippi,USA
Kemper,Mississippi,USA
Lafayette,Mississippi,USA
Lamar,Mississippi,USA
Lauderdale,Mississippi,USA
Lawrence,Mississippi,USA
Leake,Mississippi,USA
Lee,Mississippi,USA
Leflore,Mississippi,USA
Lincoln,Mississippi,USA
Lowndes,Mississippi,USA
Madison,Mississippi,USA
Marion,Mississippi,USA
Marshall,Mississippi,USA
Monroe,Mississippi,USA
Montgomery,Mississippi,USA
Neshoba,Mississippi,USA
Newton,Mississippi,USA
Noxubee,Mississippi,USA
Oktibbeha,Mississippi,USA
Panola,Mississippi,USA
Pearl River,Mississippi,USA
Perry,Mississippi,USA
Pike,Mississippi,USA
Pontotoc,Mississippi,USA
Prentiss,Mississippi,USA
Quitman,Mississippi,USA
Rankin,Mississippi,USA
Scott,Mississippi,USA
Sharkey,Mississippi,USA
Simpson,Mississippi,USA
Smith,Mississippi,USA
Stone,Mississippi,USA
Sunflower,Mississippi,USA
Tallahatchie,Mississippi,USA
Tate,Mississippi,USA
Tippah,Mississippi,USA
Tishomingo,Mississippi,USA
Tunica,Mississippi,USA
Union,Mississippi,USA
Walthall,Mississippi,USA
Warren,Mississippi,USA
Washington,Mississippi,USA
Wayne,Mississippi,USA
Webster,Mississippi,USA
Wilkinson,Mississippi,USA
Winston,Mississippi,USA
Yalobusha,Mississippi,USA
Yazoo,Mississippi,USA
Adair,Missouri,USA
Andrew,Missouri,USA
Atchison,Missouri,USA
Audrain,Missouri,USA
Barry,Missouri,USA
Barton,Missouri,USA
Bates,Missouri,USA
Benton,Missouri,USA
Bollinger,Missouri,USA
Boone,Missouri,USA
Buchanan,Missouri,USA
Butler,Missouri,USA
Caldwell,Missouri,USA
Callaway,Missouri,USA
Camden,Missouri,USA
Cape Girardeau,Missouri,USA
Carroll,Missouri,USA
Carter,Missouri,USA
Cass,Missouri,USA
Cedar,Missouri,USA
Chariton,Missouri,USA
Christian,Missouri,USA
Clark,Missouri,USA
Clay,Missouri,USA
Clinton,Missouri,USA
Cole,Missouri,USA
Cooper,Missouri,USA
Crawford,Missouri,USA
Dade,Missouri,USA
Dallas,Missouri,USA
Daviess,Missouri,USA
DeKalb,Missouri,USA
Dent,Missouri,USA
Douglas,Missouri,USA
Dunklin,Missouri,USA
Franklin,Missouri,USA
Gasconade,Missouri,USA
Gentry,Missouri,USA
Greene,Missouri,USA
Grundy,Missouri,USA
Harrison,Missouri,USA
Henry,Missouri,USA
Hickory,Missouri,USA
Holt,Missouri,USA
Howard,Missouri,USA
Howell,Missouri,USA
Iron,Missouri,USA
Jackson,Missouri,USA
Jasper,Missouri,USA
Jefferson,Missouri,USA
Johnson,Missouri,USA
Knox,Missouri,USA
Laclede,Missouri,USA
Lafayette,Missouri,USA
Lawrence,Missouri,USA
Lewis,Missouri,USA
Lincoln,Missouri,USA
Linn,Missouri,USA
Livingston,Missouri,USA
Macon,Missouri,USA
Madison,Missouri,USA
Maries,Missouri,USA
Marion,Missouri,USA
McDonald,Missouri,USA
Mercer,Missouri,USA
Miller,Missouri,USA
Mississippi,Missouri,USA
Moniteau,Missouri,USA
Monroe,Missouri,USA
Montgomery,Missouri,USA
Morgan,Missouri,USA
New Madrid,Missouri,USA
Newton,Missouri,USA
Nodaway,Missouri,USA
Oregon,Missouri,USA
Osage,Missouri,USA
Ozark,Missouri,USA
Pemiscot,Missouri,USA
Perry,Missouri,USA
Pettis,Missouri,USA
Phelps,Missouri,USA
Pike,Missouri,USA
Platte,Missouri,USA
Polk,Missouri,USA
Pulaski,Missouri,USA
Putnam,Missouri,USA
Ralls,Missouri,USA
Randolph,Missouri,USA
Ray,Missouri,USA
Reynolds,Missouri,USA
Ripley,Missouri,USA
Saline,Missouri,USA
Schuyler,Missouri,USA
Scotland,Missouri,USA
Scott,Missouri,USA
Shannon,Missouri,USA
Shelby,Missouri,USA
St. Charles,Missouri,USA
St. Clair,Missouri,USA
St. Francois,Missouri,USA
St. Louis,Missouri,USA
St. Louis City,Missouri,USA
Ste. Genevieve,Missouri,USA
Stoddard,Missouri,USA
Stone,Missouri,USA
Sullivan,Missouri,USA
Taney,Missouri,USA
Texas,Missouri,USA
Vernon,Missouri,USA
Warren,Missouri,USA
Washington,Missouri,USA
Wayne,Missouri,USA
Webster,Missouri,USA
Worth,Missouri,USA
Wright,Missouri,USA
Beaverhead,Montana,USA
Big Horn,Montana,USA
Blaine,Montana,USA
Broadwater,Montana,USA
Carbon,Montana,USA
Cascade,Montana,USA
Chouteau,Montana,USA
Custer,Montana,USA
Daniels,Montana,USA
Dawson,Montana,USA
Deer Lodge,Montana,USA
Fallon,Montana,USA
Fergus,Montana,USA
Flathead,Montana,USA
Gallatin,Montana,USA
Garfield,Montana,USA
Glacier,Montana,USA
Golden Valley,Montana,USA
Granite,Montana,USA
Hill,Montana,USA
Jefferson,Montana,USA
Judith Basin,Montana,USA
Lake,Montana,USA
Lewis and Clark,Montana,USA
Liberty,Montana,USA
Lincoln,Montana,USA
Madison,Montana,USA
Mccone,Montana,USA
Meagher,Montana,USA
Mineral,Montana,USA
Missoula,Montana,USA
Musselshell,Montana,USA
Park,Montana,USA
Phillips,Montana,USA
Pondera,Montana,USA
Powder River,Montana,USA
Powell,Montana,USA
Prairie,Montana,USA
Ravalli,Montana,USA
Richland,Montana,USA
Roosevelt,Montana,USA
Rosebud,Montana,USA
Sanders,Montana,USA
Sheridan,Montana,USA
Silver Bow,Montana,USA
Stillwater,Montana,USA
Sweet Grass,Montana,USA
Teton,Montana,USA
Toole,Montana,USA
Treasure,Montana,USA
Valley,Montana,USA
Wheatland,Montana,USA
Wibaux,Montana,USA
Yellowstone,Montana,USA
Apache(AZ),Navajo Nation,USA
Bernalillo(NM),Navajo Nation,USA
Cibola(NM),Navajo Nation,USA
Coconino(AZ),Navajo Nation,USA
McKinley(NM),Navajo Nation,USA
Navajo(AZ),Navajo Nation,USA
San Juan(NM),Navajo Nation,USA
San Juan(UT),Navajo Nation,USA
Sandoval(NM),Navajo Nation,USA
Socorro(NM),Navajo Nation,USA
Adams,Nebraska,USA
Antelope,Nebraska,USA
Banner,Nebraska,USA
Boone,Nebraska,USA
Box Butte,Nebraska,USA
Boyd,Nebraska,USA
Buffalo,Nebraska,USA
Burt,Nebraska,USA
Butler,Nebraska,USA
Cass,Nebraska,USA
Cedar,Nebraska,USA
Chase,Nebraska,USA
Cherry,Nebraska,USA
Cheyenne,Nebraska,USA
Clay,Nebraska,USA
Colfax,Nebraska,USA
Cuming,Nebraska,USA
Custer,Nebraska,USA
Dakota,Nebraska,USA
Dawes,Nebraska,USA
Dawson,Nebraska,USA
Dixon,Nebraska,USA
Dodge,Nebraska,USA
Douglas,Nebraska,USA
Fillmore,Nebraska,USA
Franklin,Nebraska,USA
Frontier,Nebraska,USA
Furnas,Nebraska,USA
Gage,Nebraska,USA
Garden,Nebraska,USA
Garfield,Nebraska,USA
Gosper,Nebraska,USA
Greeley,Nebraska,USA
Hall,Nebraska,USA
Hamilton,Nebraska,USA
Harlan,Nebraska,USA
Hitchcock,Nebraska,USA
Holt,Nebraska,USA
Hooker,Nebraska,USA
Howard,Nebraska,USA
Jefferson,Nebraska,USA
Johnson,Nebraska,USA
Kearney,Nebraska,USA
Keith,Nebraska,USA
Keya Paha,Nebraska,USA
Kimball,Nebraska,USA
Knox,Nebraska,USA
Lancaster,Nebraska,USA
Lincoln,Nebraska,USA
Madison,Nebraska,USA
McPherson,Nebraska,USA
Merrick,Nebraska,USA
Morrill,Nebraska,USA
Nance,Nebraska,USA
Nemaha,Nebraska,USA
Nuckolls,Nebraska,USA
Otoe,Nebraska,USA
Perkins,Nebraska,USA
Phelps,Nebraska,USA
Pierce,Nebraska,USA
Platte,Nebraska,USA
Polk,Nebraska,USA
Red Willow,Nebraska,USA
Richardson,Nebraska,USA
Rock,Nebraska,USA
Saline,Nebraska,USA
Sarpy,Nebraska,USA
Saunders,Nebraska,USA
Scotts Bluff,Nebraska,USA
Seward,Nebraska,USA
Sheridan,Nebraska,USA
Sherman,Nebraska,USA
Sioux,Nebraska,USA
Stanton,Nebraska,USA
Thayer,Nebraska,USA
Thomas,Nebraska,USA
Thurston,Nebraska,USA
Valley,Nebraska,USA
Washington,Nebraska,USA
Wayne,Nebraska,USA
Webster,Nebraska,USA
York,Nebraska,USA
Carson City,Nevada,USA
Churchill,Nevada,USA
Clark,Nevada,USA
Douglas,Nevada,USA
Elko,Nevada,USA
Eureka,Nevada,USA
Humboldt,Nevada,USA
Lander,Nevada,USA
Lincoln,Nevada,USA
Lyon,Nevada,USA
Mineral,Nevada,USA
Nye,Nevada,USA
Pershing,Nevada,USA
Storey,Nevada,USA
Washoe,Nevada,USA
White Pine,Nevada,USA
Belknap,New Hampshire,USA
Carroll,New Hampshire,USA
Cheshire,New Hampshire,USA
Coos,New Hampshire,USA
Countytba,New Hampshire,USA
Grafton,New Hampshire,USA
Hillsborough,New Hampshire,USA
Merrimack,New Hampshire,USA
Rockingham,New Hampshire,USA
Strafford,New Hampshire,USA
Sullivan,New Hampshire,USA
Atlantic,New Jersey,USA
Bergen,New Jersey,USA
Burlington,New Jersey,USA
Camden,New Jersey,USA
Cape May,New Jersey,USA
Cumberland,New Jersey,USA
Essex,New Jersey,USA
Gloucester,New Jersey,USA
Hudson,New Jersey,USA
Hunterdon,New Jersey,USA
Mercer,New Jersey,USA
Middlesex,New Jersey,USA
Monmouth,New Jersey,USA
Morris,New Jersey,USA
Ocean,New Jersey,USA
Passaic,New Jersey,USA
Salem,New Jersey,USA
Somerset,New Jersey,USA
Sussex,New Jersey,USA
Union,New Jersey,USA
Warren,New Jersey,USA
Bernalillo,New Mexico,USA
Catron,New Mexico,USA
Chaves,New Mexico,USA
Cibola,New Mexico,USA
Colfax,New Mexico,USA
Curry,New Mexico,USA
Doña Ana,New Mexico,USA
Eddy,New Mexico,USA
Grant,New Mexico,USA
Guadalupe,New Mexico,USA
Harding,New Mexico,USA
Hidalgo,New Mexico,USA
Lea,New Mexico,USA
Lincoln,New Mexico,USA
Los Alamos,New Mexico,USA
Luna,New Mexico,USA
McKinley,New Mexico,USA
Mora,New Mexico,USA
Otero,New Mexico,USA
Quay,New Mexico,USA
Rio Arriba,New Mexico,USA
Roosevelt,New Mexico,USA
San Juan,New Mexico,USA
San Miguel,New Mexico,USA
Sandoval,New Mexico,USA
Santa Fe,New Mexico,USA
Sierra,New Mexico,USA
Socorro,New Mexico,USA
Taos,New Mexico,USA
Torrance,New Mexico,USA
Union,New Mexico,USA
Valencia,New Mexico,USA
Albany,New York,USA
Allegany,New York,USA
Bronx,New York,USA
Broome,New York,USA
Cattaraugus,New York,USA
Cayuga,New York,USA
Chautauqua,New York,USA
Chemung,New York,USA
Chenango,New York,USA
Clinton,New York,USA
Columbia,New York,USA
Cortland,New York,USA
Delaware,New York,USA
Dutchess,New York,USA
Erie,New York,USA
Essex,New York,USA
Franklin,New York,USA
Fulton,New York,USA
Genesee,New York,USA
Greene,New York,USA
Hamilton,New York,USA
Herkimer,New York,USA
Jefferson,New York,USA
Kings,New York,USA
Lewis,New York,USA
Livingston,New York,USA
Madison,New York,USA
Monroe,New York,USA
Montgomery,New York,USA
Nassau,New York,USA
New York,New York,USA
Niagara,New York,USA
Oneida,New York,USA
Onondaga,New York,USA
Ontario,New York,USA
Orange,New York,USA
Orleans,New York,USA
Oswego,New York,USA
Otsego,New York,USA
Putnam,New York,USA
Queens,New York,USA
Rensselaer,New York,USA
Richmond,New York,USA
Rockland,New York,USA
Saratoga,New York,USA
Schenectady,New York,USA
Schoharie,New York,USA
Schuyler,New York,USA
Seneca,New York,USA
St. Lawrence,New York,USA
Steuben,New York,USA
Suffolk,New York,USA
Sullivan,New York,USA
Tioga,New York,USA
Tompkins,New York,USA
Ulster,New York,USA
Warren,New York,USA
Washington,New York,USA
Wayne,New York,USA
Westchester,New York,USA
Wyoming,New York,USA
Yates,New York,USA
Alamance,North Carolina,USA
Alexander,North Carolina,USA
Alleghany,North Carolina,USA
Anson,North Carolina,USA
Ashe,North Carolina,USA
Avery,North Carolina,USA
Beaufort,North Carolina,USA
Bertie,North Carolina,USA
Bladen,North Carolina,USA
Brunswick,North Carolina,USA
Buncombe,North Carolina,USA
Burke,North Carolina,USA
Cabarrus,North Carolina,USA
Caldwell,North Carolina,USA
Camden,North Carolina,USA
Carteret,North Carolina,USA
Caswell,North Carolina,USA
Catawba,North Carolina,USA
Chatham,North Carolina,USA
Cherokee,North Carolina,USA
Chowan,North Carolina,USA
Clay,North Carolina,USA
Cleveland,North Carolina,USA
Columbus,North Carolina,USA
Craven,North Carolina,USA
Cumberland,North Carolina,USA
Currituck,North Carolina,USA
Dare,North Carolina,USA
Davidson,North Carolina,USA
Davie,North Carolina,USA
Duplin,North Carolina,USA
Durham,North Carolina,USA
Edgecombe,North Carolina,USA
Forsyth,North Carolina,USA
Franklin,North Carolina,USA
Gaston,North Carolina,USA
Gates,North Carolina,USA
Graham,North Carolina,USA
Granville,North Carolina,USA
Greene,North Carolina,USA
Guilford,North Carolina,USA
Halifax,North Carolina,USA
Harnett,North Carolina,USA
Haywood,North Carolina,USA
Henderon,North Carolina,USA
Henderson,North Carolina,USA
Hertford,North Carolina,USA
Hoke,North Carolina,USA
Hyde,North Carolina,USA
Iredell,North Carolina,USA
Jackson,North Carolina,USA
Johnston,North Carolina,USA
Jones,North Carolina,USA
Lee,North Carolina,USA
Lenoir,North Carolina,USA
Lincoln,North Carolina,USA
Macon,North Carolina,USA
Madison,North Carolina,USA
Martin,North Carolina,USA
McDowell,North Carolina,USA
Mecklenburg,North Carolina,USA
Mitchell,North Carolina,USA
Montgomery,North Carolina,USA
Moore,North Carolina,USA
Nash,North Carolina,USA
New Hanover,North Carolina,USA
Northampton,North Carolina,USA
Onslow,North Carolina,USA
Orange,North Carolina,USA
Pamlico,North Carolina,USA
Pasquotank,North Carolina,USA
Pender,North Carolina,USA
Perquimans,North Carolina,USA
Person,North Carolina,USA
Pitt,North Carolina,USA
Polk,North Carolina,USA
Randolph,North Carolina,USA
Richmond,North Carolina,USA
Robeson,North Carolina,USA
Rockingham,North Carolina,USA
Rowan,North Carolina,USA
Rutherford,North Carolina,USA
Sampson,North Carolina,USA
Scotland,North Carolina,USA
Stanly,North Carolina,USA
Stokes,North Carolina,USA
Surry,North Carolina,USA
Swain,North Carolina,USA
Transylvania,North Carolina,USA
Tyrrell,North Carolina,USA
Union,North Carolina,USA
Vance,North Carolina,USA
Wake,North Carolina,USA
Warren,North Carolina,USA
Washington,North Carolina,USA
Watauga,North Carolina,USA
Wayne,North Carolina,USA
Wilkes,North Carolina,USA
Wilson,North Carolina,USA
Yadkin,North Carolina,USA
Yancey,North Carolina,USA
Adams,North Dakota,USA
Barnes,North Dakota,USA
Benson,North Dakota,USA
Billings,North Dakota,USA
Bottineau,North Dakota,USA
Bowman,North Dakota,USA
Burke,North Dakota,USA
Burleigh,North Dakota,USA
Cass,North Dakota,USA
Cavalier,North Dakota,USA
Dickey,North Dakota,USA
Divide,North Dakota,USA
Dunn,North Dakota,USA
Eddy,North Dakota,USA
Emmons,North Dakota,USA
Foster,North Dakota,USA
Golden Valley,North Dakota,USA
Grand Forks,North Dakota,USA
Grant,North Dakota,USA
Griggs,North Dakota,USA
Hettinger,North Dakota,USA
Kidder,North Dakota,USA
LaMoure,North Dakota,USA
Logan,North Dakota,USA
McHenry,North Dakota,USA
McIntosh,North Dakota,USA
McKenzie,North Dakota,USA
McLean,North Dakota,USA
Mercer,North Dakota,USA
Morton,North Dakota,USA
Mountrail,North Dakota,USA
Nelson,North Dakota,USA
Oliver,North Dakota,USA
Pembina,North Dakota,USA
Pierce,North Dakota,USA
Ramsey,North Dakota,USA
Ransom,North Dakota,USA
Renville,North Dakota,USA
Richland,North Dakota,USA
Rolette,North Dakota,USA
Sargent,North Dakota,USA
Sheridan,North Dakota,USA
Sioux,North Dakota,USA
Slope,North Dakota,USA
Stark,North Dakota,USA
Steele,North Dakota,USA
Stutsman,North Dakota,USA
Towner,North Dakota,USA
Traill,North Dakota,USA
Walsh,North Dakota,USA
Ward,North Dakota,USA
Wells,North Dakota,USA
Williams,North Dakota,USA
Northern Mariana Islands,Northern Mariana Islands,USA
Adams,Ohio,USA
Allen,Ohio,USA
Ashland,Ohio,USA
Ashtabula,Ohio,USA
Athens,Ohio,USA
Auglaize,Ohio,USA
Belmont,Ohio,USA
Brown,Ohio,USA
Butler,Ohio,USA
Carroll,Ohio,USA
Champaign,Ohio,USA
Clark,Ohio,USA
Clermont,Ohio,USA
Clinton,Ohio,USA
Columbiana,Ohio,USA
Coshocton,Ohio,USA
Crawford,Ohio,USA
Cuyahoga,Ohio,USA
Darke,Ohio,USA
Defiance,Ohio,USA
Delaware,Ohio,USA
Erie,Ohio,USA
Fairfield,Ohio,USA
Fayette,Ohio,USA
Franklin,Ohio,USA
Fulton,Ohio,USA
Gallia,Ohio,USA
Geauga,Ohio,USA
Greene,Ohio,USA
Guernsey,Ohio,USA
Hamilton,Ohio,USA
Hancock,Ohio,USA
Hardin,Ohio,USA
Harrison,Ohio,USA
Henry,Ohio,USA
Highland,Ohio,USA
Hocking,Ohio,USA
Holmes,Ohio,USA
Huron,Ohio,USA
Jackson,Ohio,USA
Jefferson,Ohio,USA
Knox,Ohio,USA
Lake,Ohio,USA
Lawrence,Ohio,USA
Licking,Ohio,USA
Logan,Ohio,USA
Lorain,Ohio,USA
Lucas,Ohio,USA
Madison,Ohio,USA
Mahoning,Ohio,USA
Marion,Ohio,USA
Medina,Ohio,USA
Meigs,Ohio,USA
Mercer,Ohio,USA
Miami,Ohio,USA
Monroe,Ohio,USA
Montgomery,Ohio,USA
Morgan,Ohio,USA
Morrow,Ohio,USA
Muskingum,Ohio,USA
Noble,Ohio,USA
Ottawa,Ohio,USA
Paulding,Ohio,USA
Perry,Ohio,USA
Pickaway,Ohio,USA
Pike,Ohio,USA
Portage,Ohio,USA
Preble,Ohio,USA
Putnam,Ohio,USA
Richland,Ohio,USA
Ross,Ohio,USA
Sandusky,Ohio,USA
Scioto,Ohio,USA
Seneca,Ohio,USA
Shelby,Ohio,USA
Stark,Ohio,USA
Summit,Ohio,USA
Trumbull,Ohio,USA
Tuscarawas,Ohio,USA
Union,Ohio,USA
Van,Ohio,USA
Van Wert,Ohio,USA
Vinton,Ohio,USA
Warren,Ohio,USA
Washington,Ohio,USA
Wayne,Ohio,USA
Williams,Ohio,USA
Wood,Ohio,USA
Wyandot,Ohio,USA
Adair,Oklahoma,USA
Alfalfa,Oklahoma,USA
Atoka,Oklahoma,USA
Beaver,Oklahoma,USA
Beckham,Oklahoma,USA
Blaine,Oklahoma,USA
Bryan,Oklahoma,USA
Caddo,Oklahoma,USA
Canadian,Oklahoma,USA
Carter,Oklahoma,USA
Cherokee,Oklahoma,USA
Choctaw,Oklahoma,USA
Cimarron,Oklahoma,USA
Cleveland,Oklahoma,USA
Coal,Oklahoma,USA
Comanche,Oklahoma,USA
Cotton,Oklahoma,USA
Craig,Oklahoma,USA
Creek,Oklahoma,USA
Custer,Oklahoma,USA
Delaware,Oklahoma,USA
Dewey,Oklahoma,USA
Douglas,Oklahoma,USA
Ellis,Oklahoma,USA
Garfield,Oklahoma,USA
Garvin,Oklahoma,USA
Grady,Oklahoma,USA
Grant,Oklahoma,USA
Greer,Oklahoma,USA
Harmon,Oklahoma,USA
Harper,Oklahoma,USA
Haskell,Oklahoma,USA
Hughes,Oklahoma,USA
Jackson,Oklahoma,USA
Jefferson,Oklahoma,USA
Johnston,Oklahoma,USA
Kay,Oklahoma,USA
Kingfisher,Oklahoma,USA
Kiowa,Oklahoma,USA
Latimer,Oklahoma,USA
Le Flore,Oklahoma,USA
Lincoln,Oklahoma,USA
Logan,Oklahoma,USA
Love,Oklahoma,USA
Major,Oklahoma,USA
Marshall,Oklahoma,USA
Mayes,Oklahoma,USA
McClain,Oklahoma,USA
McCurtain,Oklahoma,USA
McIntosh,Oklahoma,USA
Murray,Oklahoma,USA
Muskogee,Oklahoma,USA
Noble,Oklahoma,USA
Nowata,Oklahoma,USA
Okfuskee,Oklahoma,USA
Oklahoma,Oklahoma,USA
Okmulgee,Oklahoma,USA
Osage,Oklahoma,USA
Ottawa,Oklahoma,USA
Pawnee,Oklahoma,USA
Payne,Oklahoma,USA
Pittsburg,Oklahoma,USA
Pontotoc,Oklahoma,USA
Pottawatomie,Oklahoma,USA
Pushmataha,Oklahoma,USA
Roger mills,Oklahoma,USA
Rogers,Oklahoma,USA
Seminole,Oklahoma,USA
Sequoyah,Oklahoma,USA
Stephens,Oklahoma,USA
Texas,Oklahoma,USA
Tillman,Oklahoma,USA
Tulsa,Oklahoma,USA
Wagoner,Oklahoma,USA
Washington,Oklahoma,USA
Washita,Oklahoma,USA
Woods,Oklahoma,USA
Woodward,Oklahoma,USA
Baker,Oregon,USA
Benton,Oregon,USA
Clackamas,Oregon,USA
Clatsop,Oregon,USA
Columbia,Oregon,USA
Coos,Oregon,USA
Crook,Oregon,USA
Curry,Oregon,USA
Deschutes,Oregon,USA
Douglas,Oregon,USA
Gilliam,Oregon,USA
Grant,Oregon,USA
Harney,Oregon,USA
Hood River,Oregon,USA
Jackson,Oregon,USA
Jefferson,Oregon,USA
Josephine,Oregon,USA
Klamath,Oregon,USA
Lake,Oregon,USA
Lane,Oregon,USA
Lincoln,Oregon,USA
Linn,Oregon,USA
Malheur,Oregon,USA
Marion,Oregon,USA
Morrow,Oregon,USA
Multnomah,Oregon,USA
Polk,Oregon,USA
Sherman,Oregon,USA
Tillamook,Oregon,USA
Umatilla,Oregon,USA
Union,Oregon,USA
Wallowa,Oregon,USA
Wasco,Oregon,USA
Washington,Oregon,USA
Yamhill,Oregon,USA
Adams,Pennsylvania,USA
Allegheny,Pennsylvania,USA
Armstrong,Pennsylvania,USA
Beaver,Pennsylvania,USA
Bedford,Pennsylvania,USA
Berks,Pennsylvania,USA
Blair,Pennsylvania,USA
Bradford,Pennsylvania,USA
Bucks,Pennsylvania,USA
Butler,Pennsylvania,USA
Cambria,Pennsylvania,USA
Cameron,Pennsylvania,USA
Carbon,Pennsylvania,USA
Centre,Pennsylvania,USA
Chester,Pennsylvania,USA
Clarion,Pennsylvania,USA
Clearfield,Pennsylvania,USA
Clinton,Pennsylvania,USA
Columbia,Pennsylvania,USA
Crawford,Pennsylvania,USA
Cumberland,Pennsylvania,USA
Dauphin,Pennsylvania,USA
Delaware,Pennsylvania,USA
Elk,Pennsylvania,USA
Erie,Pennsylvania,USA
Fayette,Pennsylvania,USA
Forest,Pennsylvania,USA
Franklin,Pennsylvania,USA
Fulton,Pennsylvania,USA
Greene,Pennsylvania,USA
Huntingdon,Pennsylvania,USA
Indiana,Pennsylvania,USA
Jefferson,Pennsylvania,USA
Juniata,Pennsylvania,USA
Lackawanna,Pennsylvania,USA
Lancaster,Pennsylvania,USA
Lawrence,Pennsylvania,USA
Lebanon,Pennsylvania,USA
Lehigh,Pennsylvania,USA
Luzerne,Pennsylvania,USA
Lycoming,Pennsylvania,USA
McKean,Pennsylvania,USA
Mercer,Pennsylvania,USA
Mifflin,Pennsylvania,USA
Monroe,Pennsylvania,USA
Montgomery,Pennsylvania,USA
Montour,Pennsylvania,USA
Northampton,Pennsylvania,USA
Northumberland,Pennsylvania,USA
Perry,Pennsylvania,USA
Philadelphia,Pennsylvania,USA
Pike,Pennsylvania,USA
Potter,Pennsylvania,USA
Schuylkill,Pennsylvania,USA
Snyder,Pennsylvania,USA
Somerset,Pennsylvania,USA
Sullivan,Pennsylvania,USA
Susquehanna,Pennsylvania,USA
Tioga,Pennsylvania,USA
Union,Pennsylvania,USA
Venango,Pennsylvania,USA
Warren,Pennsylvania,USA
Washington,Pennsylvania,USA
Wayne,Pennsylvania,USA
Westmoreland,Pennsylvania,USA
Wyoming,Pennsylvania,USA
York,Pennsylvania,USA
Puerto Rico,Puerto Rico,USA
Bristol,Rhode Island,USA
Kent,Rhode Island,USA
Newport,Rhode Island,USA
Providence,Rhode Island,USA
Washington,Rhode Island,USA
Abbeville,South Carolina,USA
Aiken,South Carolina,USA
Allendale,South Carolina,USA
Anderson,South Carolina,USA
Bamberg,South Carolina,USA
Barnwell,South Carolina,USA
Beaufort,South Carolina,USA
Berkeley,South Carolina,USA
Calhoun,South Carolina,USA
Charleston,South Carolina,USA
Cherokee,South Carolina,USA
Chester,South Carolina,USA
Chesterfield,South Carolina,USA
Clarendon,South Carolina,USA
Colleton,South Carolina,USA
Darlington,South Carolina,USA
Dillon,South Carolina,USA
Dorchester,South Carolina,USA
Edgefield,South Carolina,USA
Fairfield,South Carolina,USA
Florence,South Carolina,USA
Georgetown,South Carolina,USA
Greenville,South Carolina,USA
Greenwood,South Carolina,USA
Hampton,South Carolina,USA
Horry,South Carolina,USA
Jasper,South Carolina,USA
Kershaw,South Carolina,USA
Lancaster,South Carolina,USA
Laurens,South Carolina,USA
Lee,South Carolina,USA
Lexington,South Carolina,USA
Marion,South Carolina,USA
Marlboro,South Carolina,USA
McCormick,South Carolina,USA
Newberry,South Carolina,USA
Oconee,South Carolina,USA
Orangeburg,South Carolina,USA
Pickens,South Carolina,USA
Richland,South Carolina,USA
Saluda,South Carolina,USA
Spartanburg,South Carolina,USA
Sumter,South Carolina,USA
Union,South Carolina,USA
Williamsburg,South Carolina,USA
York,South Carolina,USA
Aurora,South Dakota,USA
Beadle,South Dakota,USA
Bennett,South Dakota,USA
Bon Homme,South Dakota,USA
Brookings,South Dakota,USA
Brown,South Dakota,USA
Brule,South Dakota,USA
Buffalo,South Dakota,USA
Butte,South Dakota,USA
Campbell,South Dakota,USA
Charles Mix,South Dakota,USA
Clark,South Dakota,USA
Clay,South Dakota,USA
Codington,South Dakota,USA
Corson,South Dakota,USA
Custer,South Dakota,USA
Davison,South Dakota,USA
Day,South Dakota,USA
Deuel,South Dakota,USA
Dewey,South Dakota,USA
Douglas,South Dakota,USA
Edmunds,South Dakota,USA
Fall River,South Dakota,USA
Faulk,South Dakota,USA
Grant,South Dakota,USA
Gregory,South Dakota,USA
Haakon,South Dakota,USA
Hamlin,South Dakota,USA
Hand,South Dakota,USA
Hanson,South Dakota,USA
Harding,South Dakota,USA
Hughes,South Dakota,USA
Hutchinson,South Dakota,USA
Hyde,South Dakota,USA
Jackson,South Dakota,USA
Jerauld,South Dakota,USA
Jones,South Dakota,USA
Kingsbury,South Dakota,USA
Lake,South Dakota,USA
Lawrence,South Dakota,USA
Lincoln,South Dakota,USA
Lyman,South Dakota,USA
Marshall,South Dakota,USA
McCook,South Dakota,USA
McPherson,South Dakota,USA
Meade,South Dakota,USA
Mellette,South Dakota,USA
Miner,South Dakota,USA
Minnehaha,South Dakota,USA
Moody,South Dakota,USA
Oglala Lakota,South Dakota,USA
Pennington,South Dakota,USA
Perkins,South Dakota,USA
Potter,South Dakota,USA
Roberts,South Dakota,USA
Sanborn,South Dakota,USA
Spink,South Dakota,USA
Stanley,South Dakota,USA
Sully,South Dakota,USA
Todd,South Dakota,USA
Tripp,South Dakota,USA
Turner,South Dakota,USA
Union,South Dakota,USA
Walworth,South Dakota,USA
Yankton,South Dakota,USA
Ziebach,South Dakota,USA
Anderson,Tennessee,USA
Bedford,Tennessee,USA
Benton,Tennessee,USA
Bledsoe,Tennessee,USA
Blount,Tennessee,USA
Bradley,Tennessee,USA
Campbell,Tennessee,USA
Cannon,Tennessee,USA
Carroll,Tennessee,USA
Carter,Tennessee,USA
Cheatham,Tennessee,USA
Chester,Tennessee,USA
Claiborne,Tennessee,USA
Clay,Tennessee,USA
Cocke,Tennessee,USA
Coffee,Tennessee,USA
Crockett,Tennessee,USA
Cumberland,Tennessee,USA
Davidson,Tennessee,USA
DeKalb,Tennessee,USA
Decatur,Tennessee,USA
Dickson,Tennessee,USA
Dyer,Tennessee,USA
Fayette,Tennessee,USA
Fentress,Tennessee,USA
Franklin,Tennessee,USA
Gibson,Tennessee,USA
Giles,Tennessee,USA
Grainger,Tennessee,USA
Greene,Tennessee,USA
Grundy,Tennessee,USA
Hamblen,Tennessee,USA
Hamilton,Tennessee,USA
Hancock,Tennessee,USA
Hardeman,Tennessee,USA
Hardin,Tennessee,USA
Hawkins,Tennessee,USA
Haywood,Tennessee,USA
Henderson,Tennessee,USA
Henry,Tennessee,USA
Hickman,Tennessee,USA
Houston,Tennessee,USA
Humphreys,Tennessee,USA
Jackson,Tennessee,USA
Jefferson,Tennessee,USA
Johnson,Tennessee,USA
Knox,Tennessee,USA
Lake,Tennessee,USA
Lauderdale,Tennessee,USA
Lawrence,Tennessee,USA
Lewis,Tennessee,USA
Lincoln,Tennessee,USA
Loudon,Tennessee,USA
Macon,Tennessee,USA
Madison,Tennessee,USA
Marion,Tennessee,USA
Marshall,Tennessee,USA
Maury,Tennessee,USA
McMinn,Tennessee,USA
McNairy,Tennessee,USA
Meigs,Tennessee,USA
Monroe,Tennessee,USA
Montgomery,Tennessee,USA
Moore,Tennessee,USA
Morgan,Tennessee,USA
Obion,Tennessee,USA
Overton,Tennessee,USA
Perry,Tennessee,USA
Pickett,Tennessee,USA
Polk,Tennessee,USA
Putnam,Tennessee,USA
Rhea,Tennessee,USA
Roane,Tennessee,USA
Robertson,Tennessee,USA
Rutherford,Tennessee,USA
Scott,Tennessee,USA
Sequatchie,Tennessee,USA
Sevier,Tennessee,USA
Shelby,Tennessee,USA
Smith,Tennessee,USA
Stewart,Tennessee,USA
Sullivan,Tennessee,USA
Sumner,Tennessee,USA
Tipton,Tennessee,USA
Trousdale,Tennessee,USA
Unicoi,Tennessee,USA
Union,Tennessee,USA
Van Buren,Tennessee,USA
Warren,Tennessee,USA
Washington,Tennessee,USA
Wayne,Tennessee,USA
Weakley,Tennessee,USA
White,Tennessee,USA
Williamson,Tennessee,USA
Wilson,Tennessee,USA
Anderson,Texas,USA
Andrews,Texas,USA
Angelina,Texas,USA
Aransas,Texas,USA
Archer,Texas,USA
Armstrong,Texas,USA
Atascosa,Texas,USA
Austin,Texas,USA
Bailey,Texas,USA
Bandera,Texas,USA
Bastrop,Texas,USA
Baylor,Texas,USA
Bee,Texas,USA
Bell,Texas,USA
Bexar,Texas,USA
Blanco,Texas,USA
Bosque,Texas,USA
Bowie,Texas,USA
Brazoria,Texas,USA
Brazos,Texas,USA
Brewster,Texas,USA
Briscoe,Texas,USA
Brooks,Texas,USA
Brown,Texas,USA
Burleson,Texas,USA
Burnet,Texas,USA
Caldwell,Texas,USA
Calhoun,Texas,USA
Callahan,Texas,USA
Cameron,Texas,USA
Camp,Texas,USA
Carson,Texas,USA
Cass,Texas,USA
Castro,Texas,USA
Chambers,Texas,USA
Cherokee,Texas,USA
Childress,Texas,USA
Clay,Texas,USA
Cochran,Texas,USA
Coke,Texas,USA
Coleman,Texas,USA
Collin,Texas,USA
Collingsworth,Texas,USA
Colorado,Texas,USA
Comal,Texas,USA
Comanche,Texas,USA
Concho,Texas,USA
Cooke,Texas,USA
Coryell,Texas,USA
Cottle,Texas,USA
Crane,Texas,USA
Crockett,Texas,USA
Crosby,Texas,USA
Culberson,Texas,USA
Dallam,Texas,USA
Dallas,Texas,USA
Dawson,Texas,USA
DeWitt,Texas,USA
Deaf Smith,Texas,USA
Delta,Texas,USA
Denton,Texas,USA
Dickens,Texas,USA
Dimmit,Texas,USA
Donley,Texas,USA
Duval,Texas,USA
Eastland,Texas,USA
Ector,Texas,USA
Edwards,Texas,USA
El Paso,Texas,USA
Ellis,Texas,USA
Erath,Texas,USA
Falls,Texas,USA
Fannin,Texas,USA
Fayette,Texas,USA
Fisher,Texas,USA
Floyd,Texas,USA
Foard,Texas,USA
Fort Bend,Texas,USA
Franklin,Texas,USA
Freestone,Texas,USA
Frio,Texas,USA
Gaines,Texas,USA
Galveston,Texas,USA
Garza,Texas,USA
Gillespie,Texas,USA
Glasscock,Texas,USA
Goliad,Texas,USA
Gonzales,Texas,USA
Gray,Texas,USA
Grayson,Texas,USA
Gregg,Texas,USA
Grimes,Texas,USA
Guadalupe,Texas,USA
Hale,Texas,USA
Hall,Texas,USA
Hamilton,Texas,USA
Hansford,Texas,USA
Hardeman,Texas,USA
Hardin,Texas,USA
Harris,Texas,USA
Harrison,Texas,USA
Hartley,Texas,USA
Haskell,Texas,USA
Hays,Texas,USA
Hemphill,Texas,USA
Henderson,Texas,USA
Hidalgo,Texas,USA
Hill,Texas,USA
Hockley,Texas,USA
Hood,Texas,USA
Hopkins,Texas,USA
Houston,Texas,USA
Howard,Texas,USA
Hudspeth,Texas,USA
Hunt,Texas,USA
Hutchinson,Texas,USA
Irion,Texas,USA
Jack,Texas,USA
Jackson,Texas,USA
Jasper,Texas,USA
Jeff Davis,Texas,USA
Jefferson,Texas,USA
Jim Hogg,Texas,USA
Jim Wells,Texas,USA
Johnson,Texas,USA
Jones,Texas,USA
Karnes,Texas,USA
Kaufman,Texas,USA
Kendall,Texas,USA
Kenedy,Texas,USA
Kent,Texas,USA
Kerr,Texas,USA
Kimble,Texas,USA
Kinney,Texas,USA
Kleberg,Texas,USA
Knox,Texas,USA
La Salle,Texas,USA
Lamar,Texas,USA
Lamb,Texas,USA
Lampasas,Texas,USA
Lavaca,Texas,USA
Lee,Texas,USA
Leon,Texas,USA
Liberty,Texas,USA
Limestone,Texas,USA
Lipscomb,Texas,USA
Live Oak,Texas,USA
Llano,Texas,USA
Lubbock,Texas,USA
Lynn,Texas,USA
Madison,Texas,USA
Marion,Texas,USA
Martin,Texas,USA
Mason,Texas,USA
Matagorda,Texas,USA
Maverick,Texas,USA
McCulloch,Texas,USA
McLennan,Texas,USA
McMullen,Texas,USA
Medina,Texas,USA
Menard,Texas,USA
Midland,Texas,USA
Milam,Texas,USA
Mills,Texas,USA
Mitchell,Texas,USA
Montague,Texas,USA
Montgomery,Texas,USA
Moore,Texas,USA
Morris,Texas,USA
Motley,Texas,USA
Nacogdoches,Texas,USA
Navarro,Texas,USA
Newton,Texas,USA
Nolan,Texas,USA
Nueces,Texas,USA
Ochiltree,Texas,USA
Oldham,Texas,USA
Orange,Texas,USA
Palo Pinto,Texas,USA
Panola,Texas,USA
Parker,Texas,USA
Parmer,Texas,USA
Pecos,Texas,USA
Polk,Texas,USA
Potter,Texas,USA
Presidio,Texas,USA
Rains,Texas,USA
Randall,Texas,USA
Reagan,Texas,USA
Real,Texas,USA
Red River,Texas,USA
Reeves,Texas,USA
Refugio,Texas,USA
Roberts,Texas,USA
Robertson,Texas,USA
Rockwall,Texas,USA
Runnels,Texas,USA
Rusk,Texas,USA
Sabine,Texas,USA
San Augustine,Texas,USA
San Jacinto,Texas,USA
San Patricio,Texas,USA
San Saba,Texas,USA
Schleicher,Texas,USA
Scurry,Texas,USA
Shackelford,Texas,USA
Shelby,Texas,USA
Sherman,Texas,USA
Smith,Texas,USA
Somervell,Texas,USA
Starr,Texas,USA
Stephens,Texas,USA
Sterling,Texas,USA
Stonewall,Texas,USA
Sutton,Texas,USA
Swisher,Texas,USA
Tarrant,Texas,USA
Taylor,Texas,USA
Terrell,Texas,USA
Terry,Texas,USA
Throckmorton,Texas,USA
Titus,Texas,USA
Tom Green,Texas,USA
Travis,Texas,USA
Trinity,Texas,USA
Tyler,Texas,USA
Upshur,Texas,USA
Upton,Texas,USA
Uvalde,Texas,USA
Val Verde,Texas,USA
Van Zandt,Texas,USA
Victoria,Texas,USA
Walker,Texas,USA
Waller,Texas,USA
Ward,Texas,USA
Washington,Texas,USA
Webb,Texas,USA
Wharton,Texas,USA
Wheeler,Texas,USA
Wichita,Texas,USA
Wilbarger,Texas,USA
Willacy,Texas,USA
Williamson,Texas,USA
Wilson,Texas,USA
Winkler,Texas,USA
Wise,Texas,USA
Wood,Texas,USA
Yoakum,Texas,USA
Young,Texas,USA
Zapata,Texas,USA
Zavala,Texas,USA
St. Croix,United States Virgin Islands,USA
St. John,United States Virgin Islands,USA
St. Thomas,United States Virgin Islands,USA
Beaver,Utah,USA
Box Elder,Utah,USA
Cache,Utah,USA
Carbon,Utah,USA
Daggett,Utah,USA
Davis,Utah,USA
Duchesne,Utah,USA
Emery,Utah,USA
Garfield,Utah,USA
Grand,Utah,USA
Iron,Utah,USA
Juab,Utah,USA
Kane,Utah,USA
Millard,Utah,USA
Morgan,Utah,USA
Piute,Utah,USA
Rich,Utah,USA
Salt Lake,Utah,USA
San Juan,Utah,USA
Sanpete,Utah,USA
Sevier,Utah,USA
Summit,Utah,USA
Tooele,Utah,USA
Uintah,Utah,USA
Utah,Utah,USA
Wasatch,Utah,USA
Washington,Utah,USA
Wayne,Utah,USA
Weber,Utah,USA
Addison,Vermont,USA
Bennington,Vermont,USA
Caledonia,Vermont,USA
Chittenden,Vermont,USA
Essex,Vermont,USA
Franklin,Vermont,USA
Grand Isle,Vermont,USA
Lamoille,Vermont,USA
Orange,Vermont,USA
Orleans,Vermont,USA
Rutland,Vermont,USA
Washington,Vermont,USA
Windham,Vermont,USA
Windsor,Vermont,USA
VA Hospitals,Veteran Affair,USA
Accomack,Virginia,USA
Albemarle,Virginia,USA
Alexandria,Virginia,USA
Alleghany,Virginia,USA
Amelia,Virginia,USA
Amherst,Virginia,USA
Appomattox,Virginia,USA
Arlington,Virginia,USA
Augusta,Virginia,USA
Bath,Virginia,USA
Bedford,Virginia,USA
Bland,Virginia,USA
Botetourt,Virginia,USA
Bristol,Virginia,USA
Brunswick,Virginia,USA
Buchanan,Virginia,USA
Buckingham,Virginia,USA
Buena Vista,Virginia,USA
Campbell,Virginia,USA
Caroline,Virginia,USA
Carroll,Virginia,USA
Charles City,Virginia,USA
Charlotte,Virginia,USA
Charlottesville,Virginia,USA
Chesapeake,Virginia,USA
Chesterfield,Virginia,USA
Clarke,Virginia,USA
Colonial Heights,Virginia,USA
Covington,Virginia,USA
Craig,Virginia,USA
Culpeper,Virginia,USA
Cumberland,Virginia,USA
Danville,Virginia,USA
Dickenson,Virginia,USA
Dinwiddie,Virginia,USA
Emporia,Virginia,USA
Essex,Virginia,USA
Fairfax,Virginia,USA
Fairfax City,Virginia,USA
Falls Church,Virginia,USA
Fauquier,Virginia,USA
Floyd,Virginia,USA
Fluvanna,Virginia,USA
Franklin,Virginia,USA
Franklin City,Virginia,USA
Frederick,Virginia,USA
Fredericksburg,Virginia,USA
Galax,Virginia,USA
Giles,Virginia,USA
Gloucester,Virginia,USA
Goochland,Virginia,USA
Grayson,Virginia,USA
Greene,Virginia,USA
Greensville,Virginia,USA
Halifax,Virginia,USA
Hampton,Virginia,USA
Hanover,Virginia,USA
Harrisonburg,Virginia,USA
Henrico,Virginia,USA
Henry,Virginia,USA
Highland,Virginia,USA
Hopewell,Virginia,USA
Isle of Wight,Virginia,USA
James City,Virginia,USA
King George,Virginia,USA
King William,Virginia,USA
King and Queen,Virginia,USA
Lancaster,Virginia,USA
Lee,Virginia,USA
Lexington,Virginia,USA
Loudoun,Virginia,USA
Louisa,Virginia,USA
Lunenburg,Virginia,USA
Lynchburg,Virginia,USA
Madison,Virginia,USA
Manassas,Virginia,USA
Manassas Park,Virginia,USA
Martinsville,Virginia,USA
Mathews,Virginia,USA
Mecklenburg,Virginia,USA
Middlesex,Virginia,USA
Montgomery,Virginia,USA
Nelson,Virginia,USA
New Kent,Virginia,USA
Newport News,Virginia,USA
Norfolk,Virginia,USA
Northampton,Virginia,USA
Northumberland,Virginia,USA
Norton,Virginia,USA
Nottoway,Virginia,USA
Orange,Virginia,USA
Page,Virginia,USA
Patrick,Virginia,USA
Petersburg,Virginia,USA
Pittsylvania,Virginia,USA
Poquoson,Virginia,USA
Portsmouth,Virginia,USA
Powhatan,Virginia,USA
Prince Edward,Virginia,USA
Prince George,Virginia,USA
Prince William,Virginia,USA
Pulaski,Virginia,USA
Radford,Virginia,USA
Rappahannock,Virginia,USA
Richmond,Virginia,USA
Richmond City,Virginia,USA
Roanoke,Virginia,USA
Roanoke City,Virginia,USA
Rockbridge,Virginia,USA
Rockingham,Virginia,USA
Russell,Virginia,USA
Salem,Virginia,USA
Scott,Virginia,USA
Shenandoah,Virginia,USA
Smyth,Virginia,USA
Southampton,Virginia,USA
Spotsylvania,Virginia,USA
Stafford,Virginia,USA
Staunton,Virginia,USA
Suffolk,Virginia,USA
Surry,Virginia,USA
Sussex,Virginia,USA
Tazewell,Virginia,USA
Virginia Beach,Virginia,USA
Warren,Virginia,USA
Washington,Virginia,USA
Waynesboro,Virginia,USA
Westmoreland,Virginia,USA
Williamsburg,Virginia,USA
Winchester,Virginia,USA
Wise,Virginia,USA
Wythe,Virginia,USA
York,Virginia,USA
Adams,Washington,USA
Asotin,Washington,USA
Benton,Washington,USA
Chelan,Washington,USA
Clallam,Washington,USA
Clark,Washington,USA
Columbia,Washington,USA
Cowlitz,Washington,USA
Douglas,Washington,USA
Ferry,Washington,USA
Franklin,Washington,USA
Garfield,Washington,USA
Grant,Washington,USA
Grays Harbor,Washington,USA
Island,Washington,USA
Jefferson,Washington,USA
King,Washington,USA
Kitsap,Washington,USA
Kittitas,Washington,USA
Klickitat,Washington,USA
Lewis,Washington,USA
Lincoln,Washington,USA
Mason,Washington,USA
Okanogan,Washington,USA
Pacific,Washington,USA
Pend Oreille,Washington,USA
Pierce,Washington,USA
San Juan,Washington,USA
Skagit,Washington,USA
Skamania,Washington,USA
Snohomish,Washington,USA
Spokane,Washington,USA
Stevens,Washington,USA
Thurston,Washington,USA
Wahkiakum,Washington,USA
Walla Walla,Washington,USA
Whatcom,Washington,USA
Whitman,Washington,USA
Yakima,Washington,USA
Barbour,West Virginia,USA
Berkeley,West Virginia,USA
Boone,West Virginia,USA
Braxton,West Virginia,USA
Brooke,West Virginia,USA
Cabell,West Virginia,USA
Calhoun,West Virginia,USA
Clay,West Virginia,USA
Doddridge,West Virginia,USA
Fayette,West Virginia,USA
Gilmer,West Virginia,USA
Grant,West Virginia,USA
Greenbrier,West Virginia,USA
Hampshire,West Virginia,USA
Hancock,West Virginia,USA
Hardy,West Virginia,USA
Harrison,West Virginia,USA
Jackson,West Virginia,USA
Jefferson,West Virginia,USA
Kanawha,West Virginia,USA
Lewis,West Virginia,USA
Lincoln,West Virginia,USA
Logan,West Virginia,USA
Marion,West Virginia,USA
Marshall,West Virginia,USA
Mason,West Virginia,USA
McDowell,West Virginia,USA
Mercer,West Virginia,USA
Mineral,West Virginia,USA
Mingo,West Virginia,USA
Monongalia,West Virginia,USA
Monroe,West Virginia,USA
Morgan,West Virginia,USA
Nicholas,West Virginia,USA
Ohio,West Virginia,USA
Pendleton,West Virginia,USA
Pleasants,West Virginia,USA
Pocahontas,West Virginia,USA
Preston,West Virginia,USA
Putnam,West Virginia,USA
Raleigh,West Virginia,USA
Randolph,West Virginia,USA
Ritchie,West Virginia,USA
Roane,West Virginia,USA
Summers,West Virginia,USA
Taylor,West Virginia,USA
Tucker,West Virginia,USA
Tyler,West Virginia,USA
Upshur,West Virginia,USA
Wayne,West Virginia,USA
Webster,West Virginia,USA
Wetzel,West Virginia,USA
Wirt,West Virginia,USA
Wood,West Virginia,USA
Wyoming,West Virginia,USA
Adams,Wisconsin,USA
Ashland,Wisconsin,USA
Barron,Wisconsin,USA
Bayfield,Wisconsin,USA
Brown,Wisconsin,USA
Buffalo,Wisconsin,USA
Burnett,Wisconsin,USA
Calumet,Wisconsin,USA
Chippewa,Wisconsin,USA
Clark,Wisconsin,USA
Columbia,Wisconsin,USA
Crawford,Wisconsin,USA
Dane,Wisconsin,USA
Dodge,Wisconsin,USA
Door,Wisconsin,USA
Douglas,Wisconsin,USA
Dunn,Wisconsin,USA
Eau Claire,Wisconsin,USA
Florence,Wisconsin,USA
Fond du Lac,Wisconsin,USA
Forest,Wisconsin,USA
Grant,Wisconsin,USA
Green,Wisconsin,USA
Green Lake,Wisconsin,USA
Iowa,Wisconsin,USA
Iron,Wisconsin,USA
Jackson,Wisconsin,USA
Jefferson,Wisconsin,USA
Juneau,Wisconsin,USA
Kenosha,Wisconsin,USA
Kewaunee,Wisconsin,USA
La Crosse,Wisconsin,USA
Lafayette,Wisconsin,USA
Langlade,Wisconsin,USA
Lincoln,Wisconsin,USA
Manitowoc,Wisconsin,USA
Marathon,Wisconsin,USA
Marinette,Wisconsin,USA
Marquette,Wisconsin,USA
Menominee,Wisconsin,USA
Milwaukee,Wisconsin,USA
Monroe,Wisconsin,USA
Oconto,Wisconsin,USA
Oneida,Wisconsin,USA
Outagamie,Wisconsin,USA
Ozaukee,Wisconsin,USA
Pepin,Wisconsin,USA
Pierce,Wisconsin,USA
Polk,Wisconsin,USA
Portage,Wisconsin,USA
Price,Wisconsin,USA
Racine,Wisconsin,USA
Richland,Wisconsin,USA
Rock,Wisconsin,USA
Rusk,Wisconsin,USA
Sauk,Wisconsin,USA
Sawyer,Wisconsin,USA
Shawano,Wisconsin,USA
Sheboygan,Wisconsin,USA
St. Croix,Wisconsin,USA
Taylor,Wisconsin,USA
Trempealeau,Wisconsin,USA
Vernon,Wisconsin,USA
Vilas,Wisconsin,USA
Walworth,Wisconsin,USA
Washburn,Wisconsin,USA
Washington,Wisconsin,USA
Waukesha,Wisconsin,USA
Waupaca,Wisconsin,USA
Waushara,Wisconsin,USA
Winnebago,Wisconsin,USA
Wood,Wisconsin,USA
Albany,Wyoming,USA
Big Horn,Wyoming,USA
Campbell,Wyoming,USA
Carbon,Wyoming,USA
Converse,Wyoming,USA
Crook,Wyoming,USA
Fremont,Wyoming,USA
Goshen,Wyoming,USA
Hot Springs,Wyoming,USA
Johnson,Wyoming,USA
Laramie,Wyoming,USA
Lincoln,Wyoming,USA
Natrona,Wyoming,USA
Niobrara,Wyoming,USA
Park,Wyoming,USA
Platte,Wyoming,USA
Sheridan,Wyoming,USA
Sublette,Wyoming,USA
Sweetwater,Wyoming,USA
Teton,Wyoming,USA
Uinta,Wyoming,USA
Washakie,Wyoming,USA
,Maharashtra,India
,Tamil Nadu,India
,Andhra Pradesh,India
,Karnataka,India
,Delhi,India
,Uttar Pradesh,India
,West Bengal,India
,Bihar,India
,Telangana,India
,Gujarat,India
,Assam,India
,Rajasthan,India
,Odisha,India
,Haryana,India
,Madhya Pradesh,India
,Kerala,India
,Punjab,India
,Jharkhand,India
,Chhattisgarh,India
,Uttarakhand,India
,Goa,India
,Tripura,India
,Puducherry,India
,Manipur,India
,Himachal Pradesh,India
,Nagaland,India
,Arunachal Pradesh,India
,Andaman and Nicobar Islands,India
,Chandigarh,India
,Dadra and Nagar Haveli,India
,Meghalaya,India
,Sikkim,India
,Mizoram,India
,Lakshadweep,India
,British Columbia,Canada
,Alberta,Canada
,Saskatchewan,Canada
,Manitoba,Canada
,Ontario,Canada
,Quebec,Canada
,Newfoundland,Canada
,New Brunswick,Canada
,Nova Scotia,Canada
,Prince Edward Island,Canada
,Yukon,Canada
,Northwest Territories,Canada
,Nunavut,Canada
,Repatriated travellers,Canada
,Macedonia East and Thrace,Greece
,Macedonia Central,Greece
,Epirus,Greece
,Thessaly,Greece
,Ionian Islands,Greece
,Greece West,Greece
,Greece Central,Greece
,Attica,Greece
,Peloponnese,Greece
,Aegean North,Greece
,Aegean South,Greece
,Crete,Greece
,Macedonia West,Greece
,Without permanent residency in Greece,Greece
,Mount Athos,Greece
,Under Investigation,Greece
,Bogota,Colombia
,Antioquia,Colombia
,Atlantico,Colombia
,Valle del Cauca,Colombia
,Bolivar,Colombia
,Cundinamarca,Colombia
,Cordoba,Colombia
,Santander,Colombia
,Narino,Colombia
,Magdalena,Colombia
,Sucre,Colombia
,Norde de Santander,Colombia
,Cesar,Colombia
,Meta,Colombia
,Tolima,Colombia
,Caqueta,Colombia
,Risaralda,Colombia
,La Guajira,Colombia
,Cauca,Colombia
,Huila,Colombia
,Choco,Colombia
,Boyaca,Colombia
,Amazonas,Colombia
,Putumayo,Colombia
,Caldas,Colombia
,Quindio,Colombia
,Casanare,Colombia
,Arauca,Colombia
,Guaviare,Colombia
,Vaupes,Colombia
,San Andres y Providencia,Colombia
,Guainia,Colombia
,Vichada,Colombia
,Buenos Aires - Capital Federal,Argentina
,Buenos Aires City,Argentina
,Jujuy,Argentina
,Cordoba,Argentina
,Mendoza,Argentina
,Santa Fe,Argentina
,Chaco,Argentina
,Rio Negro,Argentina
,Neuquen,Argentina
,Entre Rios,Argentina
,Salta,Argentina
,Tierra del Fuego,Argentina
,Santa Cruz,Argentina
,La Rioja,Argentina
,Tucuman,Argentina
,Santiago del Estero,Argentina
,Chubut,Argentina
,Corrientes,Argentina
,La Pampa,Argentina
,San Juan,Argentina
,Formosa,Argentina
,Catamarca,Argentina
,Misiones,Argentina
,San Luis,Argentina
,Vienna,Austria
,Upper Austria,Austria
,Tyrol,Austria
,Lower Austria,Austria
,Styria,Austria
,Salzburg,Austria
,Vorarlberg,Austria
,Carinthia,Austria
,Burgenland,Austria
,Flanders,Belgium
,Walloon Brabant,Belgium
,Brussels,Belgium
,São Paulo,Brazil
,Bahia,Brazil
,Rio de Janeiro,Brazil
,Ceará,Brazil
,Minas Gerais,Brazil
,Pará,Brazil
,Distrito Federal,Brazil
,Maranhão,Brazil
,Santa Catarina,Brazil
,Pernambuco,Brazil
,Paraná,Brazil
,Goiás,Brazil
,Amazonas,Brazil
,Rio Grande do Sul,Brazil
,Espírito Santo,Brazil
,Paraíba,Brazil
,Mato Grosso,Brazil
,Alagoas,Brazil
,Piauí,Brazil
,Sergipe,Brazil
,Rio Grande do Norte,Brazil
,Rondônia,Brazil
,Tocantins,Brazil
,Mato Grosso do Sul,Brazil
,Roraima,Brazil
,Amapá,Brazil
,Acre,Brazil
,Region Metropolitana,Chile
,Valparaiso,Chile
,Antofagasta,Chile
,Biobío,Chile
,Libertador General Bernardo O'Higgins,Chile
,Maule,Chile
,Tarapaca,Chile
,Coquimbo,Chile
,Arica y Parinacota,Chile
,Los Lagos,Chile
,Atacama,Chile
,Araucania,Chile
,Ñuble,Chile
,Magallanes y de la Antarctica,Chile
,Los Rios,Chile
,Aysén,Chile
,North Rhine-Westphalia,Germany
,Bavaria,Germany
,Baden-Wurttemberg,Germany
,Lower Saxony,Germany
,Hesse,Germany
,Berlin,Germany
,Rhineland-Palatinate,Germany
,Hamburg,Germany
,Saxony,Germany
,Schleswig-Holstein,Germany
,Brandenburg,Germany
,Thuringia,Germany
,Saarland,Germany
,Saxony-Anhalt,Germany
,Bremen,Germany
,Mecklenburg-Western Pomerania,Germany
,Lombardy,Italy
,Piedmont,Italy
,Emilia-Romagna,Italy
,Veneto,Italy
,Tuscany,Italy
,Liguria,Italy
,Lazio,Italy
,Marche,Italy
,Campania,Italy
,Apulia,Italy
,Sicily,Italy
,Abruzzo,Italy
,Friuli-Venezia Giulia,Italy
,Sardinia,Italy
,Umbria,Italy
,Calabria,Italy
,Valle d'aosta,Italy
,Basilicata,Italy
,Molise,Italy
,Ciudad de Mexico,Mexico
,Mexico,Mexico
,Guanajuato,Mexico
,Tabasco,Mexico
,Veracruz,Mexico
,Nuevo Leon,Mexico
,Puebla,Mexico
,Tamaulipas,Mexico
,Sonora,Mexico
,Coahuila,Mexico
,Jalisco,Mexico
,San Luis Potosi,Mexico
,Baja California,Mexico
,Sinaloa,Mexico
,Guerrero,Mexico
,Michoacan,Mexico
,Yucatan,Mexico
,Oaxaca,Mexico
,Quintana Roo,Mexico
,Hidalgo,Mexico
,Chihuahua,Mexico
,Baja California Sur,Mexico
,Chiapas,Mexico
,Tlaxcala,Mexico
,Durango,Mexico
,Queretaro,Mexico
,Campeche,Mexico
,Aguascalientes,Mexico
,Morelos,Mexico
,Nayarit,Mexico
,Zacatecas,Mexico
,Colima,Mexico
,Lima,Peru
,Arequipa,Peru
,Piura,Peru
,Callao,Peru
,Lambayeque,Peru
,La Libertad,Peru
,Ica,Peru
,Ancash,Peru
,Loreto,Peru
,Cajamarca,Peru
,Junin,Peru
,Ucayali,Peru
,San Martin,Peru
,Cusco,Peru
,Huanuco,Peru
,Amazonas,Peru
,Moquegua,Peru
,Puno,Peru
,Tacna,Peru
,Ayacucho,Peru
,Tumbes,Peru
,Madre de Dios,Peru
,Huancavelica,Peru
,Pasco,Peru
,Lisboa,Portugal
,Norte,Portugal
,Centro Portugal,Portugal
,Faro,Portugal
,Alentejo,Portugal
,Azores,Portugal
,Madeira,Portugal
,Makkah al Mukarramah,Saudi Arabia
,Ash Sharqiyah,Saudi Arabia
,Ar Riyad,Saudi Arabia
,'Asir,Saudi Arabia
,Al Madinah al Munawwarah,Saudi Arabia
,Al Qasim,Saudi Arabia
,Jazan,Saudi Arabia
,Ha'il,Saudi Arabia
,Najran,Saudi Arabia
,Tabuk,Saudi Arabia
,Al Bahah,Saudi Arabia
,Al Hudud Ash Shamaliyah,Saudi Arabia
,Al Jawf,Saudi Arabia
,Daegu,South Korea
,Seoul,South Korea
,Gyeonggi-do,South Korea
,Gyeongsangbuk-do,South Korea
,Incheon,South Korea
,Gwangju,South Korea
,Chungcheongnam-do,South Korea
,Busan,South Korea
,Daejeon,South Korea
,Gyeongsangnam-do,South Korea
,Gangwon-do,South Korea
,Chungcheongbuk-do,South Korea
,Jeollanam-do,South Korea
,Ulsan,South Korea
,Jeollabuk-do,South Korea
,Sejong,South Korea
,Jeju-do,South Korea
,Stockholm,Sweden
,Vastra Gotaland,Sweden
,Jonkoping,Sweden
,Skane,Sweden
,Uppsala,Sweden
,Ostergotland,Sweden
,Gavleborg,Sweden
,Vastmanland,Sweden
,Orebro,Sweden
,Sodermanland,Sweden
,Dalarna,Sweden
,Vasternorrland,Sweden
,Halland,Sweden
,Norrbotten,Sweden
,Kronoberg,Sweden
,Jamtland,Sweden
,Varmland,Sweden
,Vasterbotten,Sweden
,Kalmar,Sweden
,Blekinge,Sweden
,Gotland,Sweden
,Geneve,Switzerland
,Vaud,Switzerland
,Zurich,Switzerland
,Ticino,Switzerland
,Bern,Switzerland
,Valais,Switzerland
,Aargau,Switzerland
,Fribourg,Switzerland
,Saint Gallen,Switzerland
,Basel-Stadt,Switzerland
,Lucerne,Switzerland
,Graubunden,Switzerland
,Basel-Landschaft,Switzerland
,Neuchatel,Switzerland
,Solothurn,Switzerland
,Thurgovia,Switzerland
,Schwyz,Switzerland
,Zug,Switzerland
,Jura,Switzerland
,Glarus,Switzerland
,Schaffhausen,Switzerland
,Nidwalden,Switzerland
,Uri,Switzerland
,Appenzell Outer Rhodes,Switzerland
,Obwalden,Switzerland
,Appenzell Inner Rhodes,Switzerland
,Trentino-Alto Adige,Italy
,Jammu & Kashmir,India
,Hubei,Mainland China
,Guangdong,Mainland China
,Henan,Mainland China
,Zhejiang,Mainland China
,Hunan,Mainland China
,Anhui,Mainland China
,Heilongjiang,Mainland China
,Jiangxi,Mainland China
,Beijing,Mainland China
,Shandong,Mainland China
,Shanghai,Mainland China
,Jiangsu,Mainland China
,Sichuan,Mainland China
,Chongqing,Mainland China
,Fujian,Mainland China
,Hebei,Mainland China
,Shaanxi,Mainland China
,Guangxi,Mainland China
,Xinjiang Uygur,Mainland China
,Nei Mongol,Mainland China
,Tianjin,Mainland China
,Liaoning,Mainland China
,Shanxi,Mainland China
,Yunnan,Mainland China
,Hainan,Mainland China
,Gansu,Mainland China
,Jilin,Mainland China
,Guizhou,Mainland China
,Ningxia,Mainland China
,Qinghai,Mainland China
,Xizang,Mainland China
,California,USA
,Florida,USA
,Texas,USA
,New York,USA
,Georgia,USA
,Illinois,USA
,Arizona,USA
,New Jersey,USA
,North Carolina,USA
,Tennessee,USA
,Louisiana,USA
,Pennsylvania,USA
,Massachusetts,USA
,Alabama,USA
,Ohio,USA
,Virginia,USA
,South Carolina,USA
,Michigan,USA
,Maryland,USA
,Indiana,USA
,Mississippi,USA
,Missouri,USA
,Washington,USA
,Wisconsin,USA
,Minnesota,USA
,Nevada,USA
,Arkansas,USA
,Iowa,USA
,Colorado,USA
,Oklahoma,USA
,US Military,USA
,Connecticut,USA
,Veteran Affair,USA
,Utah,USA
,Kentucky,USA
,Kansas,USA
,Nebraska,USA
,Puerto Rico,USA
,Idaho,USA
,Oregon,USA
,New Mexico,USA
,Rhode Island,USA
,Delaware,USA
,District of Columbia,USA
,Federal Bureau of Prisons,USA
,South Dakota,USA
,North Dakota,USA
,Navajo Nation,USA
,West Virginia,USA
,New Hampshire,USA
,Hawaii,USA
,Montana,USA
,Alaska,USA
,Maine,USA
,Wyoming,USA
,Vermont,USA
,United States Virgin Islands,USA
,Guam,USA
,Grand Princess,USA
,Diamond Princess,USA
,Northern Mariana Islands,USA
,Wuhan Evacuee,USA
,,Brazil
,,Russia
,,South Africa
,,Peru
,,Mexico
,,Colombia
,,Spain
,,Chile
,,Iran
,,Argentina
,,United Kingdom
,,Saudi Arabia
,,Bangladesh
,,Pakistan
,,Turkey
,,Italy
,,France
,,Germany
,,Iraq
,,Philippines
,,Indonesia
,,Qatar
,,Bolivia
,,Ukraine
,,Ecuador
,,Israel
,,Kazakhstan
,,Egypt
,,Dominican Republic
,,Panama
,,Sweden
,,Oman
,,Belgium
,,Kuwait
,,Romania
,,Belarus
,,Guatemala
,,United Arab Emirates
,,Netherlands
,,Japan
,,Poland
,,Singapore
,,Portugal
,,Honduras
,,Morocco
,,Nigeria
,,Bahrain
,,Ghana
,,Kyrgyzstan
,,Armenia
,,Algeria
,,Ethiopia
,,Switzerland
,,Uzbekistan
,,Venezuela
,,Afghanistan
,,Azerbaijan
,,Costa Rica
,,Nepal
,,Moldova
,,Kenya
,,Serbia
,,Ireland
,,Austria
,,Australia
,,El Salvador
,,Czech Republic
,,Palestine
,,Cameroon
,,South Korea
,,Bosnia and Herzegovina
,,Cote d'Ivoire
,,Denmark
,,Bulgaria
,,Madagascar
,,North Macedonia
,,Paraguay
,,Senegal
,,Sudan
,,Lebanon
,,Kosovo
,,Zambia
,,Libya
,,Norway
,,Democratic Republic of the Congo
,,Malaysia
,,Guinea
,,Albania
,,Gabon
,,Tajikistan
,,Croatia
,,Haiti
,,Finland
,,Luxembourg
,,Maldives
,,Mauritania
,,Namibia
,,Zimbabwe
,,Malawi
,,Djibouti
,,Hungary
,,Equatorial Guinea
,,Central African Republic
,,Hong Kong
,,Nicaragua
,,Montenegro
,,eSwatini
,,Republic of the Congo
,,Suriname
,,Cuba
,,Thailand
,,Somalia
,,Cabo Verde
,,Mozambique
,,Sri Lanka
,,Slovakia
,,Lithuania
,,Slovenia
,,Mali
,,Gambia
,,Rwanda
,,South Sudan
,,Tunisia
,,Estonia
,,Syria
,,Angola
,,Guinea-Bissau
,,Iceland
,,Benin
,,Sierra Leone
,,Yemen
,,Bahamas
,,Aruba
,,Uganda
,,Uruguay
,,Jordan
,,Malta
,,Jamaica
,,Cyprus
,,Georgia
,,New Zealand
,,Latvia
,,Burkina Faso
,,Liberia
,,Togo
,,Niger
,,Trinidad and Tobago
,,Andorra
,,Guyana
,,Vietnam
,,Lesotho
,,Chad
,,São Tomé and Príncipe
,,Belize
,,San Marino
,,Taiwan
,,Myanmar
,,Burundi
,,Comoros
,,Faroe Islands
,,Sint Maarten
,,Papua New Guinea
,,Turks and Caicos Islands
,,Botswana
,,Jersey
,,Mauritius
,,Isle of Man
,,Eritrea
,,French Polynesia
,,Mongolia
,,Cambodia
,,Guernsey
,,Gibraltar
,,Cayman Islands
,,Bermuda
,,Barbados
,,Bhutan
,,Monaco
,,Brunei
,,Seychelles
,,Liechtenstein
,,Antigua and Barbuda
,,Saint Vincent and the Grenadines
,,Curacao
,,Macau
,,Fiji
,,Timor-Leste
,,Saint Lucia
,,Grenada
,,New Caledonia
,,Laos
,,Dominica
,,Saint Kitts and Nevis
,,Greenland
,,Falkland Islands (Islas Malvinas)
,,Montserrat
,,Vatican City
,,British Virgin Islands
,,Saint Pierre and Miquelon
,,Anguilla
,,French Guiana
,,Guadeloupe
,,Martinique
,,Mayotte
,,Saint Barthelemy
,,Saint Martin
,,Reunion
,,Tanzania
,,India
,,Canada
,,Greece
