County Name, State Name, Confirmed, Deaths, Recovered, Last Update, FIPS
Autauga,Alabama,1,0,0,2020-04-10 00:00:00,01001
Baldwin,Alabama,4,0,0,2020-04-10 00:00:00,01003
Calhoun,Alabama,2,0,0,2020-04-10 00:00:00,01015
Chambers,Alabama,5,0,0,2020-04-10 00:00:00,01017
Cullman,Alabama,3,0,0,2020-04-10 00:00:00,01043
Elmore,Alabama,8,0,0,2020-04-10 00:00:00,01051
Franklin,Alabama,1,0,0,2020-04-10 00:00:00,01059
Houston,Alabama,1,0,0,2020-04-10 00:00:00,01069
Jackson,Alabama,2,0,0,2020-04-10 00:00:00,01071
Jefferson,Alabama,91,0,0,2020-04-10 00:00:00,01073
Lamar,Alabama,1,0,0,2020-04-10 00:00:00,01075
Lauderdale,Alabama,3,0,0,2020-04-10 00:00:00,01077
Lee,Alabama,26,0,0,2020-04-10 00:00:00,01081
Limestone,Alabama,4,0,0,2020-04-10 00:00:00,01083
Madison,Alabama,21,0,0,2020-04-10 00:00:00,01089
Marion,Alabama,1,0,0,2020-04-10 00:00:00,01093
Mobile,Alabama,6,0,0,2020-04-10 00:00:00,01097
Montgomery,Alabama,9,0,0,2020-04-10 00:00:00,01101
Morgan,Alabama,2,0,0,2020-04-10 00:00:00,01103
Shelby,Alabama,27,0,0,2020-04-10 00:00:00,01117
St. Clair,Alabama,4,0,0,2020-04-10 00:00:00,01115
Talladega,Alabama,2,0,0,2020-04-10 00:00:00,01121
Tallapoosa,Alabama,2,0,0,2020-04-10 00:00:00,01123
Tuscaloosa,Alabama,10,0,0,2020-04-10 00:00:00,01125
Walker,Alabama,5,0,0,2020-04-10 00:00:00,01127
Washington,Alabama,1,0,0,2020-04-10 00:00:00,01129
Anchorage,Alaska,17,1,0,2020-04-10 00:00:00,02020
Fairbanks North Star,Alaska,10,0,0,2020-04-10 00:00:00,02090
Juneau,Alaska,2,0,0,2020-04-10 00:00:00,02110
Ketchikan Gateway,Alaska,8,0,0,2020-04-10 00:00:00,02130
Matanuska-Susitna,Alaska,2,0,0,2020-04-10 00:00:00,02170
unknown,Alaska,0,1,0,2020-04-10 00:00:00,
Apache,Arizona,4,0,0,2020-04-10 00:00:00,04001
Cochise,Arizona,1,0,0,2020-04-10 00:00:00,04003
Coconino,Arizona,18,1,0,2020-04-10 00:00:00,04005
Graham,Arizona,2,0,0,2020-04-10 00:00:00,04009
Maricopa,Arizona,199,3,1,2020-04-10 00:00:00,04013
Navajo,Arizona,32,0,0,2020-04-10 00:00:00,04017
Pima,Arizona,42,2,1,2020-04-10 00:00:00,04019
Pinal,Arizona,22,0,1,2020-04-10 00:00:00,04021
Santa Cruz,Arizona,1,0,0,2020-04-10 00:00:00,04023
Yavapai,Arizona,3,0,0,2020-04-10 00:00:00,04025
Yuma,Arizona,2,0,0,2020-04-10 00:00:00,04027
Benton,Arkansas,1,0,0,2020-04-10 00:00:00,05007
Boone,Arkansas,1,0,0,2020-04-10 00:00:00,05009
Bradley,Arkansas,4,0,0,2020-04-10 00:00:00,05011
Clark,Arkansas,6,0,0,2020-04-10 00:00:00,05019
Cleburne,Arkansas,34,0,0,2020-04-10 00:00:00,05023
Cleveland,Arkansas,3,0,0,2020-04-10 00:00:00,05025
Columbia,Arkansas,1,0,0,2020-04-10 00:00:00,05027
Conway,Arkansas,1,0,0,2020-04-10 00:00:00,05029
Craighead,Arkansas,4,0,0,2020-04-10 00:00:00,05031
Crawford,Arkansas,1,0,0,2020-04-10 00:00:00,05033
Crittenden,Arkansas,1,0,0,2020-04-10 00:00:00,05035
Cross,Arkansas,1,0,0,2020-04-10 00:00:00,05037
Desha,Arkansas,2,0,0,2020-04-10 00:00:00,05041
Faulkner,Arkansas,17,1,0,2020-04-10 00:00:00,05045
Garland,Arkansas,11,0,0,2020-04-10 00:00:00,05051
Grant,Arkansas,3,0,0,2020-04-10 00:00:00,05053
Greene,Arkansas,1,0,0,2020-04-10 00:00:00,05055
Hot Spring,Arkansas,1,0,0,2020-04-10 00:00:00,05059
Independence,Arkansas,3,0,0,2020-04-10 00:00:00,05063
Jefferson,Arkansas,22,0,0,2020-04-10 00:00:00,05069
Lincoln,Arkansas,2,0,0,2020-04-10 00:00:00,05079
Pike,Arkansas,1,0,0,2020-04-10 00:00:00,05109
Poinsett,Arkansas,3,0,0,2020-04-10 00:00:00,05111
Polk,Arkansas,1,0,0,2020-04-10 00:00:00,05113
Pope,Arkansas,1,0,0,2020-04-10 00:00:00,05115
Prairie,Arkansas,1,0,0,2020-04-10 00:00:00,05117
Pulaski,Arkansas,64,1,0,2020-04-10 00:00:00,05119
Saline,Arkansas,4,0,0,2020-04-10 00:00:00,05125
Searcy,Arkansas,2,0,0,2020-04-10 00:00:00,05129
Sebastian,Arkansas,2,0,0,2020-04-10 00:00:00,05131
Sevier,Arkansas,1,0,0,2020-04-10 00:00:00,05133
Stone,Arkansas,1,0,0,2020-04-10 00:00:00,05137
Union,Arkansas,1,0,0,2020-04-10 00:00:00,05139
Van Buren,Arkansas,7,0,0,2020-04-10 00:00:00,05141
Washington,Arkansas,6,0,0,2020-04-10 00:00:00,05143
White,Arkansas,1,0,0,2020-04-10 00:00:00,05145
Woodruff,Arkansas,1,0,0,2020-04-10 00:00:00,05147
unknown,Arkansas,8,0,0,2020-04-10 00:00:00,
Alameda,California,135,2,0,2020-04-10 00:00:00,06001
Amador,California,2,0,0,2020-04-10 00:00:00,06005
Butte,California,4,0,0,2020-04-10 00:00:00,06007
Calaveras,California,2,0,0,2020-04-10 00:00:00,06009
Contra Costa,California,86,1,0,2020-04-10 00:00:00,06013
El Dorado,California,3,0,0,2020-04-10 00:00:00,06017
Fresno,California,18,0,0,2020-04-10 00:00:00,06019
Humboldt,California,5,0,1,2020-04-10 00:00:00,06023
Imperial,California,9,0,0,2020-04-10 00:00:00,06025
Kern,California,15,0,0,2020-04-10 00:00:00,06029
Los Angeles,California,669,10,0,2020-04-10 00:00:00,06037
Madera,California,6,0,2,2020-04-10 00:00:00,06039
Marin,California,53,0,0,2020-04-10 00:00:00,06041
Mendocino,California,2,0,0,2020-04-10 00:00:00,06045
Merced,California,1,0,0,2020-04-10 00:00:00,06047
Mono,California,2,0,0,2020-04-10 00:00:00,06051
Monterey,California,24,1,0,2020-04-10 00:00:00,06053
Napa,California,3,0,0,2020-04-10 00:00:00,06055
Nevada,California,4,0,0,2020-04-10 00:00:00,06057
Orange,California,147,1,0,2020-04-10 00:00:00,06059
Placer,California,26,1,0,2020-04-10 00:00:00,06061
Riverside,California,57,6,0,2020-04-10 00:00:00,06065
Sacramento,California,88,4,0,2020-04-10 00:00:00,06067
San Benito,California,7,1,2,2020-04-10 00:00:00,06069
San Bernardino,California,38,1,0,2020-04-10 00:00:00,06071
San Diego,California,238,2,0,2020-04-10 00:00:00,06073
San Francisco,California,152,1,0,2020-04-10 00:00:00,06075
San Joaquin,California,60,2,0,2020-04-10 00:00:00,06077
San Luis Obispo,California,42,0,3,2020-04-10 00:00:00,06079
San Mateo,California,161,1,0,2020-04-10 00:00:00,06081
Santa Barbara,California,24,0,0,2020-04-10 00:00:00,06083
Santa Clara,California,375,16,0,2020-04-10 00:00:00,06085
Santa Cruz,California,24,0,0,2020-04-10 00:00:00,06087
Shasta,California,3,0,0,2020-04-10 00:00:00,06089
Siskiyou,California,3,0,0,2020-04-10 00:00:00,06093
Solano,California,24,0,0,2020-04-10 00:00:00,06095
Sonoma,California,37,1,3,2020-04-10 00:00:00,06097
Stanislaus,California,11,0,0,2020-04-10 00:00:00,06099
Tulare,California,17,0,0,2020-04-10 00:00:00,06107
Ventura,California,39,1,0,2020-04-10 00:00:00,06111
Yolo,California,18,1,0,2020-04-10 00:00:00,06113
Yuba,California,3,0,0,2020-04-10 00:00:00,06115
Adams,Colorado,27,0,0,2020-04-10 00:00:00,08001
Arapahoe,Colorado,69,0,0,2020-04-10 00:00:00,08005
Boulder,Colorado,49,0,0,2020-04-10 00:00:00,08013
Broomfield,Colorado,5,0,0,2020-04-10 00:00:00,08014
Chaffee,Colorado,3,0,0,2020-04-10 00:00:00,08015
Clear Creek,Colorado,3,0,0,2020-04-10 00:00:00,08019
Crowley,Colorado,1,1,0,2020-04-10 00:00:00,08025
Delta,Colorado,1,0,0,2020-04-10 00:00:00,08029
Denver,Colorado,176,0,0,2020-04-10 00:00:00,08031
Douglas,Colorado,53,0,0,2020-04-10 00:00:00,08035
Eagle,Colorado,96,1,0,2020-04-10 00:00:00,08037
El Paso,Colorado,106,4,0,2020-04-10 00:00:00,08041
Elbert,Colorado,3,0,0,2020-04-10 00:00:00,08039
Fremont,Colorado,1,0,0,2020-04-10 00:00:00,08043
Garfield,Colorado,10,0,0,2020-04-10 00:00:00,08045
Grand,Colorado,2,0,0,2020-04-10 00:00:00,08049
Gunnison,Colorado,40,0,0,2020-04-10 00:00:00,08051
Hinsdale,Colorado,1,0,0,2020-04-10 00:00:00,08053
Huerfano,Colorado,1,0,0,2020-04-10 00:00:00,08055
Jefferson,Colorado,73,0,0,2020-04-10 00:00:00,08059
La Plata,Colorado,1,0,0,2020-04-10 00:00:00,08067
Larimer,Colorado,43,0,0,2020-04-10 00:00:00,08069
Logan,Colorado,2,0,0,2020-04-10 00:00:00,08075
Mesa,Colorado,5,0,0,2020-04-10 00:00:00,08077
Montrose,Colorado,3,0,0,2020-04-10 00:00:00,08085
Morgan,Colorado,2,0,0,2020-04-10 00:00:00,08087
Park,Colorado,1,0,0,2020-04-10 00:00:00,08093
Pitkin,Colorado,18,0,0,2020-04-10 00:00:00,08097
Pueblo,Colorado,3,0,0,2020-04-10 00:00:00,08101
Routt,Colorado,4,0,0,2020-04-10 00:00:00,08107
San Miguel,Colorado,1,0,0,2020-04-10 00:00:00,08113
Summit,Colorado,9,0,0,2020-04-10 00:00:00,08117
Teller,Colorado,3,0,0,2020-04-10 00:00:00,08119
Weld,Colorado,76,2,0,2020-04-10 00:00:00,08123
Yuma,Colorado,1,0,0,2020-04-10 00:00:00,08125
unknown,Colorado,17,0,0,2020-04-10 00:00:00,
Fairfield,Connecticut,384,7,0,2020-04-10 00:00:00,09001
Hartford,Connecticut,88,2,0,2020-04-10 00:00:00,09003
Litchfield,Connecticut,22,0,0,2020-04-10 00:00:00,09005
Middlesex,Connecticut,8,0,0,2020-04-10 00:00:00,09007
New Haven,Connecticut,89,0,0,2020-04-10 00:00:00,09009
New London,Connecticut,6,0,0,2020-04-10 00:00:00,09011
Tolland,Connecticut,19,3,0,2020-04-10 00:00:00,09013
Windham,Connecticut,2,0,0,2020-04-10 00:00:00,09015
Kent,Delaware,10,0,0,2020-04-10 00:00:00,10001
New Castle,Delaware,71,0,0,2020-04-10 00:00:00,10003
Sussex,Delaware,23,0,0,2020-04-10 00:00:00,10005
Riverside,Diamond Princess,2,0,0,2020-04-10 00:00:00,
San Diego,Diamond Princess,1,0,0,2020-04-10 00:00:00,
Sonoma,Diamond Princess,2,0,0,2020-04-10 00:00:00,
unknown,Diamond Princess,44,0,0,2020-04-10 00:00:00,
District of Columbia,District of Columbia,187,2,17,2020-04-10 00:00:00,11001
Alachua,Florida,37,0,0,2020-04-10 00:00:00,12001
Baker,Florida,4,0,0,2020-04-10 00:00:00,12003
Bay,Florida,1,0,0,2020-04-10 00:00:00,12005
Bradford,Florida,1,0,0,2020-04-10 00:00:00,12007
Brevard,Florida,12,0,0,2020-04-10 00:00:00,12009
Broward,Florida,312,3,0,2020-04-10 00:00:00,12011
Charlotte,Florida,3,0,0,2020-04-10 00:00:00,12015
Citrus,Florida,9,0,0,2020-04-10 00:00:00,12017
Clay,Florida,10,2,0,2020-04-10 00:00:00,12019
Collier,Florida,41,0,0,2020-04-10 00:00:00,12021
Columbia,Florida,3,0,0,2020-04-10 00:00:00,12023
DeSoto,Florida,1,0,0,2020-04-10 00:00:00,12027
Duval,Florida,50,3,0,2020-04-10 00:00:00,12031
Escambia,Florida,13,0,0,2020-04-10 00:00:00,12033
Flagler,Florida,4,0,0,2020-04-10 00:00:00,12035
Gadsden,Florida,1,0,0,2020-04-10 00:00:00,12039
Hernando,Florida,7,0,0,2020-04-10 00:00:00,12053
Highlands,Florida,4,0,0,2020-04-10 00:00:00,12055
Hillsborough,Florida,95,0,0,2020-04-10 00:00:00,12057
Indian River,Florida,12,0,0,2020-04-10 00:00:00,12061
Jackson,Florida,1,0,0,2020-04-10 00:00:00,12063
Lake,Florida,14,0,0,2020-04-10 00:00:00,12069
Lee,Florida,34,3,0,2020-04-10 00:00:00,12071
Leon,Florida,8,0,0,2020-04-10 00:00:00,12073
Manatee,Florida,16,1,0,2020-04-10 00:00:00,12081
Marion,Florida,4,0,0,2020-04-10 00:00:00,12083
Martin,Florida,4,0,0,2020-04-10 00:00:00,12085
Miami-Dade,Florida,367,0,0,2020-04-10 00:00:00,12086
Monroe,Florida,3,0,0,2020-04-10 00:00:00,12087
Nassau,Florida,1,0,0,2020-04-10 00:00:00,12089
Okaloosa,Florida,14,0,0,2020-04-10 00:00:00,12091
Orange,Florida,52,2,0,2020-04-10 00:00:00,12095
Osceola,Florida,26,0,0,2020-04-10 00:00:00,12097
Palm Beach,Florida,104,3,0,2020-04-10 00:00:00,12099
Pasco,Florida,17,1,0,2020-04-10 00:00:00,12101
Pinellas,Florida,45,2,0,2020-04-10 00:00:00,12103
Polk,Florida,13,0,0,2020-04-10 00:00:00,12105
Putnam,Florida,2,0,0,2020-04-10 00:00:00,12107
Santa Rosa,Florida,6,1,0,2020-04-10 00:00:00,12113
Sarasota,Florida,26,1,0,2020-04-10 00:00:00,12115
Seminole,Florida,25,0,0,2020-04-10 00:00:00,12117
St. Johns,Florida,24,1,0,2020-04-10 00:00:00,12109
St. Lucie,Florida,6,0,0,2020-04-10 00:00:00,12111
Sumter,Florida,10,0,0,2020-04-10 00:00:00,12119
Volusia,Florida,19,0,0,2020-04-10 00:00:00,12127
Walton,Florida,10,0,0,2020-04-10 00:00:00,12131
Baker,Georgia,1,1,0,2020-04-10 00:00:00,13007
Baldwin,Georgia,2,0,0,2020-04-10 00:00:00,13009
Barrow,Georgia,2,1,0,2020-04-10 00:00:00,13013
Bartow,Georgia,76,1,0,2020-04-10 00:00:00,13015
Ben Hill,Georgia,1,0,0,2020-04-10 00:00:00,13017
Bibb,Georgia,4,0,0,2020-04-10 00:00:00,13021
Bryan,Georgia,2,0,0,2020-04-10 00:00:00,13029
Burke,Georgia,1,0,0,2020-04-10 00:00:00,13033
Butts,Georgia,2,0,0,2020-04-10 00:00:00,13035
Camden,Georgia,1,0,0,2020-04-10 00:00:00,13039
Carroll,Georgia,26,0,0,2020-04-10 00:00:00,13045
Catoosa,Georgia,1,0,0,2020-04-10 00:00:00,13047
Charlton,Georgia,1,0,0,2020-04-10 00:00:00,13049
Chatham,Georgia,7,0,0,2020-04-10 00:00:00,13051
Chattooga,Georgia,1,0,0,2020-04-10 00:00:00,13055
Cherokee,Georgia,30,1,0,2020-04-10 00:00:00,13057
Clarke,Georgia,17,1,0,2020-04-10 00:00:00,13059
Clayton,Georgia,21,1,0,2020-04-10 00:00:00,13063
Clinch,Georgia,1,0,0,2020-04-10 00:00:00,13065
Cobb,Georgia,90,6,0,2020-04-10 00:00:00,13067
Coffee,Georgia,2,0,0,2020-04-10 00:00:00,13069
Colquitt,Georgia,2,0,0,2020-04-10 00:00:00,13071
Columbia,Georgia,6,0,0,2020-04-10 00:00:00,13073
Coweta,Georgia,10,2,0,2020-04-10 00:00:00,13077
Crisp,Georgia,3,0,0,2020-04-10 00:00:00,13081
Dawson,Georgia,1,0,0,2020-04-10 00:00:00,13085
DeKalb,Georgia,107,2,0,2020-04-10 00:00:00,13089
Dougherty,Georgia,101,6,0,2020-04-10 00:00:00,13095
Douglas,Georgia,12,1,0,2020-04-10 00:00:00,13097
Early,Georgia,5,1,0,2020-04-10 00:00:00,13099
Effingham,Georgia,3,0,0,2020-04-10 00:00:00,13103
Fannin,Georgia,1,0,0,2020-04-10 00:00:00,13111
Fayette,Georgia,12,2,0,2020-04-10 00:00:00,13113
Floyd,Georgia,12,1,0,2020-04-10 00:00:00,13115
Forsyth,Georgia,8,1,0,2020-04-10 00:00:00,13117
Fulton,Georgia,191,12,0,2020-04-10 00:00:00,13121
Glynn,Georgia,5,0,0,2020-04-10 00:00:00,13127
Gordon,Georgia,8,0,0,2020-04-10 00:00:00,13129
Greene,Georgia,1,0,0,2020-04-10 00:00:00,13133
Gwinnett,Georgia,46,1,0,2020-04-10 00:00:00,13135
Hall,Georgia,16,0,0,2020-04-10 00:00:00,13139
Harris,Georgia,1,0,0,2020-04-10 00:00:00,13145
Heard,Georgia,1,0,0,2020-04-10 00:00:00,13149
Henry,Georgia,13,0,0,2020-04-10 00:00:00,13151
Houston,Georgia,5,0,0,2020-04-10 00:00:00,13153
Irwin,Georgia,1,0,0,2020-04-10 00:00:00,13155
Jasper,Georgia,1,0,0,2020-04-10 00:00:00,13159
Lamar,Georgia,2,0,0,2020-04-10 00:00:00,13171
Laurens,Georgia,6,0,0,2020-04-10 00:00:00,13175
Lee,Georgia,24,0,0,2020-04-10 00:00:00,13177
Liberty,Georgia,1,0,0,2020-04-10 00:00:00,13179
Lincoln,Georgia,1,0,0,2020-04-10 00:00:00,13181
Lowndes,Georgia,11,0,0,2020-04-10 00:00:00,13185
Lumpkin,Georgia,3,0,0,2020-04-10 00:00:00,13187
Macon,Georgia,1,0,0,2020-04-10 00:00:00,13193
Madison,Georgia,1,0,0,2020-04-10 00:00:00,13195
Meriwether,Georgia,1,0,0,2020-04-10 00:00:00,13199
Miller,Georgia,1,0,0,2020-04-10 00:00:00,13201
Mitchell,Georgia,4,0,0,2020-04-10 00:00:00,13205
Monroe,Georgia,3,0,0,2020-04-10 00:00:00,13207
Morgan,Georgia,1,0,0,2020-04-10 00:00:00,13211
Muscogee,Georgia,4,0,0,2020-04-10 00:00:00,13215
Newton,Georgia,6,0,0,2020-04-10 00:00:00,13217
Oconee,Georgia,5,0,0,2020-04-10 00:00:00,13219
Paulding,Georgia,6,0,0,2020-04-10 00:00:00,13223
Peach,Georgia,3,0,0,2020-04-10 00:00:00,13225
Pickens,Georgia,4,0,0,2020-04-10 00:00:00,13227
Pierce,Georgia,1,0,0,2020-04-10 00:00:00,13229
Polk,Georgia,8,0,0,2020-04-10 00:00:00,13233
Pulaski,Georgia,1,0,0,2020-04-10 00:00:00,13235
Randolph,Georgia,1,0,0,2020-04-10 00:00:00,13243
Richmond,Georgia,10,0,0,2020-04-10 00:00:00,13245
Rockdale,Georgia,8,0,0,2020-04-10 00:00:00,13247
Seminole,Georgia,2,0,0,2020-04-10 00:00:00,13253
Spalding,Georgia,5,0,0,2020-04-10 00:00:00,13255
Stephens,Georgia,1,0,0,2020-04-10 00:00:00,13257
Sumter,Georgia,4,0,0,2020-04-10 00:00:00,13261
Tattnall,Georgia,1,0,0,2020-04-10 00:00:00,13267
Terrell,Georgia,3,0,0,2020-04-10 00:00:00,13273
Tift,Georgia,4,0,0,2020-04-10 00:00:00,13277
Troup,Georgia,6,0,0,2020-04-10 00:00:00,13285
Turner,Georgia,1,0,0,2020-04-10 00:00:00,13287
Twiggs,Georgia,1,0,0,2020-04-10 00:00:00,13289
Ware,Georgia,0,1,0,2020-04-10 00:00:00,13299
Washington,Georgia,1,0,0,2020-04-10 00:00:00,13303
Whitfield,Georgia,2,0,0,2020-04-10 00:00:00,13313
Worth,Georgia,4,0,0,2020-04-10 00:00:00,13321
unknown,Georgia,77,0,0,2020-04-10 00:00:00,
San Diego,Grand Princess,1,0,0,2020-04-10 00:00:00,
Solano,Grand Princess,7,0,0,2020-04-10 00:00:00,
unknown,Grand Princess,20,0,0,2020-04-10 00:00:00,
Guam,Guam,32,1,0,2020-04-10 00:00:00,66010
Hawaii,Hawaii,5,0,0,2020-04-10 00:00:00,15001
Honolulu,Hawaii,64,0,0,2020-04-10 00:00:00,15003
Kauai,Hawaii,4,0,0,2020-04-10 00:00:00,15007
Maui,Hawaii,12,0,0,2020-04-10 00:00:00,15009
unknown,Hawaii,4,0,0,2020-04-10 00:00:00,
Ada,Idaho,24,0,0,2020-04-10 00:00:00,16001
Bannock,Idaho,2,0,0,2020-04-10 00:00:00,16005
Bingham,Idaho,1,0,0,2020-04-10 00:00:00,16011
Blaine,Idaho,40,0,0,2020-04-10 00:00:00,16013
Canyon,Idaho,6,0,0,2020-04-10 00:00:00,16027
Cassia,Idaho,1,0,0,2020-04-10 00:00:00,16031
Jefferson,Idaho,2,0,0,2020-04-10 00:00:00,16051
Kootenai,Idaho,8,0,0,2020-04-10 00:00:00,16055
Madison,Idaho,2,0,0,2020-04-10 00:00:00,16065
Nez Perce,Idaho,1,0,0,2020-04-10 00:00:00,16069
Payette,Idaho,1,0,0,2020-04-10 00:00:00,16075
Teton,Idaho,2,0,0,2020-04-10 00:00:00,16081
Twin Falls,Idaho,1,0,0,2020-04-10 00:00:00,16083
Valley,Idaho,1,0,0,2020-04-10 00:00:00,16085
Adams,Illinois,1,0,0,2020-04-10 00:00:00,17001
Champaign,Illinois,4,0,0,2020-04-10 00:00:00,17019
Christian,Illinois,1,0,0,2020-04-10 00:00:00,17021
Clinton,Illinois,3,0,0,2020-04-10 00:00:00,17027
Cook,Illinois,1194,12,2,2020-04-10 00:00:00,17031
Cumberland,Illinois,1,0,0,2020-04-10 00:00:00,17035
DeKalb,Illinois,1,0,0,2020-04-10 00:00:00,17037
DuPage,Illinois,103,1,0,2020-04-10 00:00:00,17043
Grundy,Illinois,1,0,0,2020-04-10 00:00:00,17063
Jackson,Illinois,1,0,0,2020-04-10 00:00:00,17077
Jo Daviess,Illinois,1,0,0,2020-04-10 00:00:00,17085
Kane,Illinois,24,0,0,2020-04-10 00:00:00,17089
Kankakee,Illinois,4,0,0,2020-04-10 00:00:00,17091
Kendall,Illinois,4,0,0,2020-04-10 00:00:00,17093
La Salle,Illinois,3,0,0,2020-04-10 00:00:00,
Lake,Illinois,111,0,0,2020-04-10 00:00:00,17097
Livingston,Illinois,1,0,0,2020-04-10 00:00:00,17105
Madison,Illinois,2,0,0,2020-04-10 00:00:00,17119
McHenry,Illinois,14,0,0,2020-04-10 00:00:00,17111
McLean,Illinois,8,1,0,2020-04-10 00:00:00,17113
Monroe,Illinois,1,0,0,2020-04-10 00:00:00,17133
Peoria,Illinois,3,0,0,2020-04-10 00:00:00,17143
Rock Island,Illinois,1,0,0,2020-04-10 00:00:00,17161
Sangamon,Illinois,5,1,0,2020-04-10 00:00:00,17167
St. Clair,Illinois,7,0,0,2020-04-10 00:00:00,17163
Stephenson,Illinois,1,0,0,2020-04-10 00:00:00,17177
Washington,Illinois,1,0,0,2020-04-10 00:00:00,17189
Whiteside,Illinois,1,0,0,2020-04-10 00:00:00,17195
Will,Illinois,28,1,0,2020-04-10 00:00:00,17197
Williamson,Illinois,1,0,0,2020-04-10 00:00:00,17199
Winnebago,Illinois,5,0,0,2020-04-10 00:00:00,17201
Woodford,Illinois,3,0,0,2020-04-10 00:00:00,17203
Adams,Indiana,1,0,0,2020-04-10 00:00:00,18001
Allen,Indiana,7,1,0,2020-04-10 00:00:00,18003
Bartholomew,Indiana,5,0,0,2020-04-10 00:00:00,18005
Boone,Indiana,3,0,0,2020-04-10 00:00:00,18011
Brown,Indiana,1,0,0,2020-04-10 00:00:00,18013
Clark,Indiana,5,0,0,2020-04-10 00:00:00,18019
De Kalb,Indiana,1,0,0,2020-04-10 00:00:00,
Dearborn,Indiana,2,0,0,2020-04-10 00:00:00,18029
Decatur,Indiana,6,0,0,2020-04-10 00:00:00,18031
Delaware,Indiana,4,1,0,2020-04-10 00:00:00,18035
Dubois,Indiana,1,0,0,2020-04-10 00:00:00,18037
Elkhart,Indiana,4,0,0,2020-04-10 00:00:00,18039
Fayette,Indiana,2,0,0,2020-04-10 00:00:00,18041
Floyd,Indiana,6,0,0,2020-04-10 00:00:00,18043
Franklin,Indiana,7,0,0,2020-04-10 00:00:00,18047
Gibson,Indiana,2,0,0,2020-04-10 00:00:00,18051
Grant,Indiana,3,0,0,2020-04-10 00:00:00,18053
Hamilton,Indiana,25,0,0,2020-04-10 00:00:00,18057
Hancock,Indiana,4,0,0,2020-04-10 00:00:00,18059
Hendricks,Indiana,13,0,0,2020-04-10 00:00:00,18063
Howard,Indiana,6,1,0,2020-04-10 00:00:00,18067
Jackson,Indiana,1,0,0,2020-04-10 00:00:00,18071
Jennings,Indiana,2,0,0,2020-04-10 00:00:00,18079
Johnson,Indiana,18,3,0,2020-04-10 00:00:00,18081
La Porte,Indiana,2,0,0,2020-04-10 00:00:00,
Lake,Indiana,17,0,0,2020-04-10 00:00:00,18089
Lawrence,Indiana,1,0,0,2020-04-10 00:00:00,18093
Madison,Indiana,3,0,0,2020-04-10 00:00:00,18095
Marion,Indiana,161,6,0,2020-04-10 00:00:00,18097
Miami,Indiana,1,0,0,2020-04-10 00:00:00,18103
Monroe,Indiana,3,0,0,2020-04-10 00:00:00,18105
Montgomery,Indiana,1,0,0,2020-04-10 00:00:00,18107
Morgan,Indiana,3,0,0,2020-04-10 00:00:00,18109
Noble,Indiana,1,0,0,2020-04-10 00:00:00,18113
Ohio,Indiana,1,0,0,2020-04-10 00:00:00,18115
Owen,Indiana,2,0,0,2020-04-10 00:00:00,18119
Porter,Indiana,1,0,0,2020-04-10 00:00:00,18127
Putnam,Indiana,1,0,0,2020-04-10 00:00:00,18133
Ripley,Indiana,6,0,0,2020-04-10 00:00:00,18137
Scott,Indiana,1,1,0,2020-04-10 00:00:00,18143
Shelby,Indiana,1,0,0,2020-04-10 00:00:00,18145
St. Joseph,Indiana,18,0,0,2020-04-10 00:00:00,18141
Starke,Indiana,1,0,0,2020-04-10 00:00:00,18149
Tippecanoe,Indiana,4,0,0,2020-04-10 00:00:00,18157
Tipton,Indiana,2,0,0,2020-04-10 00:00:00,18159
Vanderburgh,Indiana,1,0,0,2020-04-10 00:00:00,18163
Vigo,Indiana,3,0,0,2020-04-10 00:00:00,18167
Washington,Indiana,2,0,0,2020-04-10 00:00:00,18175
Wells,Indiana,1,0,0,2020-04-10 00:00:00,18179
Adair,Iowa,1,0,0,2020-04-10 00:00:00,19001
Allamakee,Iowa,6,0,0,2020-04-10 00:00:00,19005
Black Hawk,Iowa,4,0,0,2020-04-10 00:00:00,19013
Buchanan,Iowa,1,0,0,2020-04-10 00:00:00,19019
Carroll,Iowa,1,0,0,2020-04-10 00:00:00,19027
Cedar,Iowa,1,0,0,2020-04-10 00:00:00,19031
Cerro Gordo,Iowa,2,0,0,2020-04-10 00:00:00,19033
Dallas,Iowa,7,0,0,2020-04-10 00:00:00,19049
Dubuque,Iowa,6,1,0,2020-04-10 00:00:00,19061
Fayette,Iowa,1,0,0,2020-04-10 00:00:00,19065
Hancock,Iowa,2,0,0,2020-04-10 00:00:00,19081
Harrison,Iowa,3,0,0,2020-04-10 00:00:00,19085
Henry,Iowa,1,0,0,2020-04-10 00:00:00,19087
Jasper,Iowa,1,0,0,2020-04-10 00:00:00,19099
Johnson,Iowa,37,0,0,2020-04-10 00:00:00,19103
Kossuth,Iowa,1,0,0,2020-04-10 00:00:00,19109
Linn,Iowa,6,0,0,2020-04-10 00:00:00,19113
Muscatine,Iowa,5,0,0,2020-04-10 00:00:00,19139
Polk,Iowa,15,0,0,2020-04-10 00:00:00,19153
Pottawattamie,Iowa,2,0,0,2020-04-10 00:00:00,19155
Poweshiek,Iowa,2,0,0,2020-04-10 00:00:00,19157
Scott,Iowa,1,0,0,2020-04-10 00:00:00,19163
Sioux,Iowa,1,0,0,2020-04-10 00:00:00,19167
Story,Iowa,2,0,0,2020-04-10 00:00:00,19169
Tama,Iowa,4,0,0,2020-04-10 00:00:00,19171
Wapello,Iowa,1,0,0,2020-04-10 00:00:00,19179
Warren,Iowa,1,0,0,2020-04-10 00:00:00,19181
Washington,Iowa,4,0,0,2020-04-10 00:00:00,19183
Winneshiek,Iowa,1,0,0,2020-04-10 00:00:00,19191
Woodbury,Iowa,2,0,0,2020-04-10 00:00:00,19193
Bourbon,Kansas,1,0,0,2020-04-10 00:00:00,20011
Butler,Kansas,3,0,0,2020-04-10 00:00:00,20015
Cherokee,Kansas,2,0,0,2020-04-10 00:00:00,20021
Crawford,Kansas,2,0,0,2020-04-10 00:00:00,20037
Doniphan,Kansas,1,0,0,2020-04-10 00:00:00,20043
Douglas,Kansas,6,0,0,2020-04-10 00:00:00,20045
Franklin,Kansas,1,0,0,2020-04-10 00:00:00,20059
Jackson,Kansas,1,0,0,2020-04-10 00:00:00,20085
Johnson,Kansas,36,1,0,2020-04-10 00:00:00,20091
Leavenworth,Kansas,7,0,0,2020-04-10 00:00:00,20103
Linn,Kansas,4,0,0,2020-04-10 00:00:00,20107
Lyon,Kansas,2,0,0,2020-04-10 00:00:00,20111
Mitchell,Kansas,1,0,0,2020-04-10 00:00:00,20123
Morris,Kansas,2,0,0,2020-04-10 00:00:00,20127
Pottawatomie,Kansas,1,0,0,2020-04-10 00:00:00,20149
Reno,Kansas,2,0,0,2020-04-10 00:00:00,20155
Sedgwick,Kansas,7,0,0,2020-04-10 00:00:00,20173
Woodson,Kansas,1,0,0,2020-04-10 00:00:00,20207
Wyandotte,Kansas,22,1,0,2020-04-10 00:00:00,20209
Allen,Kentucky,1,0,0,2020-04-10 00:00:00,21003
Anderson,Kentucky,2,1,0,2020-04-10 00:00:00,21005
Boone,Kentucky,1,0,0,2020-04-10 00:00:00,21015
Bourbon,Kentucky,2,1,0,2020-04-10 00:00:00,21017
Breathitt,Kentucky,2,0,0,2020-04-10 00:00:00,21025
Calloway,Kentucky,1,0,0,2020-04-10 00:00:00,21035
Campbell,Kentucky,1,0,0,2020-04-10 00:00:00,21037
Christian,Kentucky,3,0,0,2020-04-10 00:00:00,21047
Clark,Kentucky,3,0,0,2020-04-10 00:00:00,21049
Daviess,Kentucky,14,0,0,2020-04-10 00:00:00,21059
Fayette,Kentucky,27,1,0,2020-04-10 00:00:00,21067
Franklin,Kentucky,3,0,0,2020-04-10 00:00:00,21073
Hardin,Kentucky,2,0,0,2020-04-10 00:00:00,21093
Harrison,Kentucky,10,0,0,2020-04-10 00:00:00,21097
Henderson,Kentucky,2,0,0,2020-04-10 00:00:00,21101
Jefferson,Kentucky,38,1,0,2020-04-10 00:00:00,21111
Jessamine,Kentucky,2,0,0,2020-04-10 00:00:00,21113
Kenton,Kentucky,7,0,0,2020-04-10 00:00:00,21117
Laurel,Kentucky,1,0,0,2020-04-10 00:00:00,21125
Logan,Kentucky,1,0,0,2020-04-10 00:00:00,21141
Lyon,Kentucky,1,0,0,2020-04-10 00:00:00,21143
Madison,Kentucky,2,0,0,2020-04-10 00:00:00,21151
Martin,Kentucky,1,0,0,2020-04-10 00:00:00,21159
McCracken,Kentucky,2,0,0,2020-04-10 00:00:00,21145
Menifee,Kentucky,2,0,0,2020-04-10 00:00:00,21165
Montgomery,Kentucky,2,0,1,2020-04-10 00:00:00,21173
Muhlenberg,Kentucky,7,0,0,2020-04-10 00:00:00,21177
Nelson,Kentucky,1,0,0,2020-04-10 00:00:00,21179
Oldham,Kentucky,1,0,0,2020-04-10 00:00:00,21185
Pulaski,Kentucky,5,0,0,2020-04-10 00:00:00,21199
Scott,Kentucky,1,0,0,2020-04-10 00:00:00,21209
Simpson,Kentucky,1,0,0,2020-04-10 00:00:00,21213
Spencer,Kentucky,1,0,0,2020-04-10 00:00:00,21215
Warren,Kentucky,5,0,0,2020-04-10 00:00:00,21227
Webster,Kentucky,1,0,0,2020-04-10 00:00:00,21233
unknown,Kentucky,7,0,1,2020-04-10 00:00:00,
Acadia,Louisiana,2,0,0,2020-04-10 00:00:00,22001
Allen,Louisiana,2,0,0,2020-04-10 00:00:00,22003
Ascension,Louisiana,36,1,0,2020-04-10 00:00:00,22005
Assumption,Louisiana,2,0,0,2020-04-10 00:00:00,22007
Avoyelles,Louisiana,3,0,0,2020-04-10 00:00:00,22009
Beauregard,Louisiana,2,0,0,2020-04-10 00:00:00,22011
Bienville,Louisiana,1,0,0,2020-04-10 00:00:00,22013
Bossier,Louisiana,12,0,0,2020-04-10 00:00:00,22015
Caddo,Louisiana,40,0,0,2020-04-10 00:00:00,22017
Calcasieu,Louisiana,5,1,0,2020-04-10 00:00:00,22019
Catahoula,Louisiana,1,1,0,2020-04-10 00:00:00,22025
Claiborne,Louisiana,2,0,0,2020-04-10 00:00:00,22027
De Soto,Louisiana,6,0,0,2020-04-10 00:00:00,22031
East Baton Rouge,Louisiana,58,2,0,2020-04-10 00:00:00,22033
Evangeline,Louisiana,2,0,0,2020-04-10 00:00:00,22039
Grant,Louisiana,1,0,0,2020-04-10 00:00:00,22043
Iberia,Louisiana,2,0,0,2020-04-10 00:00:00,22045
Iberville,Louisiana,14,1,0,2020-04-10 00:00:00,22047
Jefferson,Louisiana,293,6,0,2020-04-10 00:00:00,22051
Lafayette,Louisiana,12,0,0,2020-04-10 00:00:00,22055
Lafourche,Louisiana,16,0,0,2020-04-10 00:00:00,22057
Lincoln,Louisiana,2,0,0,2020-04-10 00:00:00,22061
Livingston,Louisiana,6,0,0,2020-04-10 00:00:00,22063
Natchitoches,Louisiana,2,0,0,2020-04-10 00:00:00,22069
Orleans,Louisiana,684,26,0,2020-04-10 00:00:00,22071
Ouachita,Louisiana,7,1,0,2020-04-10 00:00:00,22073
Parish Under Investigation,Louisiana,2,0,0,2020-04-10 00:00:00,
Plaquemines,Louisiana,8,0,0,2020-04-10 00:00:00,22075
Rapides,Louisiana,10,1,0,2020-04-10 00:00:00,22079
Richland,Louisiana,1,0,0,2020-04-10 00:00:00,22083
St. Bernard,Louisiana,19,0,0,2020-04-10 00:00:00,22087
St. Charles,Louisiana,15,0,0,2020-04-10 00:00:00,22089
St. James,Louisiana,9,1,0,2020-04-10 00:00:00,22093
St. John the Baptist,Louisiana,21,0,0,2020-04-10 00:00:00,22095
St. Landry,Louisiana,3,0,0,2020-04-10 00:00:00,22097
St. Martin,Louisiana,1,0,0,2020-04-10 00:00:00,22099
St. Mary,Louisiana,2,0,0,2020-04-10 00:00:00,22101
St. Tammany,Louisiana,52,1,0,2020-04-10 00:00:00,22103
Tangipahoa,Louisiana,4,0,0,2020-04-10 00:00:00,22105
Terrebonne,Louisiana,14,0,0,2020-04-10 00:00:00,22109
Vernon,Louisiana,2,0,0,2020-04-10 00:00:00,22115
Washington,Louisiana,3,1,0,2020-04-10 00:00:00,22117
Webster,Louisiana,3,1,0,2020-04-10 00:00:00,22119
West Baton Rouge,Louisiana,5,1,0,2020-04-10 00:00:00,22121
Androscoggin,Maine,3,0,2,2020-04-10 00:00:00,23001
Cumberland,Maine,74,0,5,2020-04-10 00:00:00,23005
Kennebec,Maine,5,0,0,2020-04-10 00:00:00,23011
Knox,Maine,1,0,0,2020-04-10 00:00:00,23013
Lincoln,Maine,5,0,0,2020-04-10 00:00:00,23015
Oxford,Maine,6,0,0,2020-04-10 00:00:00,23017
Penobscot,Maine,4,0,0,2020-04-10 00:00:00,23019
Sagadahoc,Maine,3,0,0,2020-04-10 00:00:00,23023
Waldo,Maine,1,0,0,2020-04-10 00:00:00,23027
York,Maine,16,0,0,2020-04-10 00:00:00,23031
Anne Arundel,Maryland,24,0,0,2020-04-10 00:00:00,24003
Baltimore,Maryland,42,1,0,2020-04-10 00:00:00,24510
Baltimore,Maryland,42,1,0,2020-04-10 00:00:00,24005
Baltimore City,Maryland,41,0,0,2020-04-10 00:00:00,
Calvert,Maryland,3,0,0,2020-04-10 00:00:00,24009
Caroline,Maryland,1,0,0,2020-04-10 00:00:00,24011
Carroll,Maryland,5,0,0,2020-04-10 00:00:00,24013
Cecil,Maryland,4,0,0,2020-04-10 00:00:00,24015
Charles,Maryland,5,0,0,2020-04-10 00:00:00,24017
Frederick,Maryland,4,0,0,2020-04-10 00:00:00,24021
Garrett,Maryland,3,0,0,2020-04-10 00:00:00,24023
Harford,Maryland,5,0,0,2020-04-10 00:00:00,24025
Howard,Maryland,30,0,0,2020-04-10 00:00:00,24027
Montgomery,Maryland,107,1,3,2020-04-10 00:00:00,24031
Prince George's,Maryland,63,2,0,2020-04-10 00:00:00,24033
Queen Anne's,Maryland,1,0,0,2020-04-10 00:00:00,24035
Somerset,Maryland,1,0,0,2020-04-10 00:00:00,24039
St. Mary's,Maryland,2,0,0,2020-04-10 00:00:00,24037
Talbot,Maryland,1,0,0,2020-04-10 00:00:00,24041
Washington,Maryland,4,0,0,2020-04-10 00:00:00,24043
Wicomico,Maryland,4,0,0,2020-04-10 00:00:00,24045
Worcester,Maryland,2,0,0,2020-04-10 00:00:00,24047
Barnstable,Massachusetts,40,0,0,2020-04-10 00:00:00,25001
Berkshire,Massachusetts,37,0,0,2020-04-10 00:00:00,25003
Bristol,Massachusetts,31,0,0,2020-04-10 00:00:00,25005
Essex,Massachusetts,118,0,0,2020-04-10 00:00:00,25009
Franklin,Massachusetts,10,0,0,2020-04-10 00:00:00,25011
Hampden,Massachusetts,24,0,0,2020-04-10 00:00:00,25013
Hampshire,Massachusetts,8,0,0,2020-04-10 00:00:00,25015
Middlesex,Massachusetts,304,1,0,2020-04-10 00:00:00,25017
Norfolk,Massachusetts,129,0,0,2020-04-10 00:00:00,25021
Plymouth,Massachusetts,64,0,0,2020-04-10 00:00:00,25023
Suffolk,Massachusetts,234,1,10,2020-04-10 00:00:00,25025
Worcester,Massachusetts,73,0,0,2020-04-10 00:00:00,25027
unknown,Massachusetts,85,9,0,2020-04-10 00:00:00,
Allegan,Michigan,1,0,0,2020-04-10 00:00:00,26005
Barry,Michigan,1,0,0,2020-04-10 00:00:00,26015
Bay,Michigan,2,0,0,2020-04-10 00:00:00,26017
Berrien,Michigan,8,0,0,2020-04-10 00:00:00,26021
Calhoun,Michigan,4,0,0,2020-04-10 00:00:00,26025
Charlevoix,Michigan,3,0,0,2020-04-10 00:00:00,26029
Clare,Michigan,1,0,0,2020-04-10 00:00:00,26035
Clinton,Michigan,5,0,0,2020-04-10 00:00:00,26037
Eaton,Michigan,3,0,0,2020-04-10 00:00:00,26045
Emmet,Michigan,2,0,0,2020-04-10 00:00:00,26047
Genesee,Michigan,34,0,0,2020-04-10 00:00:00,26049
Gladwin,Michigan,2,0,0,2020-04-10 00:00:00,26051
Grand Traverse,Michigan,3,0,0,2020-04-10 00:00:00,26055
Hillsdale,Michigan,1,0,0,2020-04-10 00:00:00,26059
Ingham,Michigan,15,0,0,2020-04-10 00:00:00,26065
Isabella,Michigan,2,0,0,2020-04-10 00:00:00,26073
Jackson,Michigan,6,0,0,2020-04-10 00:00:00,26075
Kalamazoo,Michigan,3,0,0,2020-04-10 00:00:00,26077
Kalkaska,Michigan,1,0,0,2020-04-10 00:00:00,26079
Kent,Michigan,31,1,0,2020-04-10 00:00:00,26081
Lapeer,Michigan,1,0,0,2020-04-10 00:00:00,26087
Leelanau,Michigan,1,0,0,2020-04-10 00:00:00,26089
Lenawee,Michigan,1,0,0,2020-04-10 00:00:00,26091
Livingston,Michigan,13,0,0,2020-04-10 00:00:00,26093
Macomb,Michigan,225,3,0,2020-04-10 00:00:00,26099
Manistee,Michigan,1,0,0,2020-04-10 00:00:00,26101
Marquette,Michigan,1,0,0,2020-04-10 00:00:00,26103
Midland,Michigan,5,0,0,2020-04-10 00:00:00,26111
Monroe,Michigan,12,0,0,2020-04-10 00:00:00,26115
Montcalm,Michigan,1,0,0,2020-04-10 00:00:00,26117
Muskegon,Michigan,3,0,0,2020-04-10 00:00:00,26121
Newaygo,Michigan,1,0,0,2020-04-10 00:00:00,26123
Oakland,Michigan,428,4,0,2020-04-10 00:00:00,26125
Other,Michigan,2,0,0,2020-04-10 00:00:00,
Otsego,Michigan,5,0,0,2020-04-10 00:00:00,26137
Ottawa,Michigan,15,0,0,2020-04-10 00:00:00,26139
Out of State,Michigan,6,0,0,2020-04-10 00:00:00,
Roscommon,Michigan,1,0,0,2020-04-10 00:00:00,26143
Saginaw,Michigan,8,0,0,2020-04-10 00:00:00,26145
St. Clair,Michigan,8,0,0,2020-04-10 00:00:00,26147
Tuscola,Michigan,1,0,0,2020-04-10 00:00:00,26157
Washtenaw,Michigan,50,3,5,2020-04-10 00:00:00,26161
Wayne,Michigan,310,1,0,2020-04-10 00:00:00,26163
Wayne--Detroit,Michigan,563,12,0,2020-04-10 00:00:00,
Wexford,Michigan,1,0,0,2020-04-10 00:00:00,26165
Air Force,Military,97,0,0,2020-04-10 00:00:00,
unknown,Military,243,1,18,2020-04-10 00:00:00,
Anoka,Minnesota,7,0,0,2020-04-10 00:00:00,27003
Benton,Minnesota,1,0,0,2020-04-10 00:00:00,27009
Big Stone,Minnesota,1,0,0,2020-04-10 00:00:00,27011
Blue earth,Minnesota,5,0,0,2020-04-10 00:00:00,27013
Carver,Minnesota,8,0,0,2020-04-10 00:00:00,27019
Cass,Minnesota,1,0,0,2020-04-10 00:00:00,27021
Chisago,Minnesota,1,0,0,2020-04-10 00:00:00,27025
Clay,Minnesota,3,0,0,2020-04-10 00:00:00,27027
Dakota,Minnesota,21,0,0,2020-04-10 00:00:00,27037
Dodge,Minnesota,3,0,0,2020-04-10 00:00:00,27039
Filmore,Minnesota,3,0,0,2020-04-10 00:00:00,
Hennepin,Minnesota,103,0,0,2020-04-10 00:00:00,27053
Jackson,Minnesota,1,0,0,2020-04-10 00:00:00,27063
Lac Qui Parle,Minnesota,1,0,0,2020-04-10 00:00:00,27073
Le Sueur,Minnesota,5,0,0,2020-04-10 00:00:00,27079
Martin,Minnesota,8,0,0,2020-04-10 00:00:00,27091
Mower,Minnesota,6,0,0,2020-04-10 00:00:00,27099
Nicollet,Minnesota,3,0,0,2020-04-10 00:00:00,27103
Olmsted,Minnesota,18,0,0,2020-04-10 00:00:00,27109
Ramsey,Minnesota,26,1,0,2020-04-10 00:00:00,27123
Renville,Minnesota,1,0,0,2020-04-10 00:00:00,27129
Rice,Minnesota,2,0,0,2020-04-10 00:00:00,27131
Scott,Minnesota,5,0,0,2020-04-10 00:00:00,27139
Sherburne,Minnesota,1,0,0,2020-04-10 00:00:00,27141
St. Louis,Minnesota,2,0,0,2020-04-10 00:00:00,27137
Stearns,Minnesota,5,0,0,2020-04-10 00:00:00,27145
Steele,Minnesota,5,0,0,2020-04-10 00:00:00,27147
Wabasha,Minnesota,1,0,0,2020-04-10 00:00:00,27157
Waseca,Minnesota,1,0,0,2020-04-10 00:00:00,27161
Washington,Minnesota,10,0,0,2020-04-10 00:00:00,27163
Wright,Minnesota,3,0,0,2020-04-10 00:00:00,27171
unknown,Minnesota,0,0,24,2020-04-10 00:00:00,
Adams,Mississippi,2,0,0,2020-04-10 00:00:00,28001
Attala,Mississippi,4,0,0,2020-04-10 00:00:00,28007
Bolivar,Mississippi,4,0,0,2020-04-10 00:00:00,28011
Calhoun,Mississippi,1,0,0,2020-04-10 00:00:00,28013
Chickasaw,Mississippi,6,0,0,2020-04-10 00:00:00,28017
Choctaw,Mississippi,3,0,0,2020-04-10 00:00:00,28019
Clay,Mississippi,1,0,0,2020-04-10 00:00:00,28025
Coahoma,Mississippi,11,0,0,2020-04-10 00:00:00,28027
Copiah,Mississippi,6,0,0,2020-04-10 00:00:00,28029
DeSoto,Mississippi,36,0,0,2020-04-10 00:00:00,28033
Forrest,Mississippi,15,0,0,2020-04-10 00:00:00,28035
Franklin,Mississippi,2,0,0,2020-04-10 00:00:00,28037
George,Mississippi,1,0,0,2020-04-10 00:00:00,28039
Grenada,Mississippi,2,0,0,2020-04-10 00:00:00,28043
Hancock,Mississippi,5,1,0,2020-04-10 00:00:00,28045
Harrison,Mississippi,25,0,0,2020-04-10 00:00:00,28047
Hinds,Mississippi,38,0,0,2020-04-10 00:00:00,28049
Holmes,Mississippi,7,1,0,2020-04-10 00:00:00,28051
Humphreys,Mississippi,1,0,0,2020-04-10 00:00:00,28053
Itawamba,Mississippi,3,0,0,2020-04-10 00:00:00,28057
Jackson,Mississippi,12,0,0,2020-04-10 00:00:00,28059
Jones,Mississippi,1,0,0,2020-04-10 00:00:00,28067
Lafayette,Mississippi,8,0,0,2020-04-10 00:00:00,28071
Lamar,Mississippi,2,0,0,2020-04-10 00:00:00,28073
Lawrence,Mississippi,3,0,0,2020-04-10 00:00:00,28077
Leake,Mississippi,3,0,0,2020-04-10 00:00:00,28079
Lee,Mississippi,14,0,0,2020-04-10 00:00:00,28081
Leflore,Mississippi,13,0,0,2020-04-10 00:00:00,28083
Lincoln,Mississippi,4,0,0,2020-04-10 00:00:00,28085
Lowndes,Mississippi,6,0,0,2020-04-10 00:00:00,28087
Madison,Mississippi,17,0,0,2020-04-10 00:00:00,28089
Marion,Mississippi,1,0,0,2020-04-10 00:00:00,28091
Marshall,Mississippi,4,0,0,2020-04-10 00:00:00,28093
Monroe,Mississippi,3,0,0,2020-04-10 00:00:00,28095
Montgomery,Mississippi,4,0,0,2020-04-10 00:00:00,28097
Newton,Mississippi,1,0,0,2020-04-10 00:00:00,28101
Noxubee,Mississippi,1,0,0,2020-04-10 00:00:00,28103
Oktibbeha,Mississippi,7,0,0,2020-04-10 00:00:00,28105
Panola,Mississippi,2,0,0,2020-04-10 00:00:00,28107
Pearl River,Mississippi,13,0,0,2020-04-10 00:00:00,28109
Perry,Mississippi,1,0,0,2020-04-10 00:00:00,28111
Pike,Mississippi,10,0,0,2020-04-10 00:00:00,28113
Pontotoc,Mississippi,2,0,0,2020-04-10 00:00:00,28115
Prentiss,Mississippi,1,0,0,2020-04-10 00:00:00,28117
Rankin,Mississippi,20,0,0,2020-04-10 00:00:00,28121
Scott,Mississippi,3,0,0,2020-04-10 00:00:00,28123
Simpson,Mississippi,1,0,0,2020-04-10 00:00:00,28127
Smith,Mississippi,1,0,0,2020-04-10 00:00:00,28129
Sunflower,Mississippi,3,0,0,2020-04-10 00:00:00,28133
Tallahatchie,Mississippi,2,0,0,2020-04-10 00:00:00,28135
Tate,Mississippi,2,0,0,2020-04-10 00:00:00,28137
Tippah,Mississippi,11,0,0,2020-04-10 00:00:00,28139
Tunica,Mississippi,3,0,0,2020-04-10 00:00:00,28143
Union,Mississippi,2,0,0,2020-04-10 00:00:00,28145
Walthall,Mississippi,3,0,0,2020-04-10 00:00:00,28147
Washington,Mississippi,5,0,0,2020-04-10 00:00:00,28151
Webster,Mississippi,2,0,0,2020-04-10 00:00:00,28155
Wilkinson,Mississippi,5,0,0,2020-04-10 00:00:00,28157
Winston,Mississippi,3,0,0,2020-04-10 00:00:00,28159
Yazoo,Mississippi,3,0,0,2020-04-10 00:00:00,28163
Adair,Missouri,1,0,0,2020-04-10 00:00:00,29001
Bates,Missouri,1,0,0,2020-04-10 00:00:00,29013
Boone,Missouri,20,1,0,2020-04-10 00:00:00,29019
Callaway,Missouri,2,0,0,2020-04-10 00:00:00,29027
Camden,Missouri,1,0,0,2020-04-10 00:00:00,29029
Cass,Missouri,6,0,0,2020-04-10 00:00:00,29037
Christian,Missouri,1,0,0,2020-04-10 00:00:00,29043
Clay,Missouri,2,0,0,2020-04-10 00:00:00,29047
Clinton,Missouri,1,0,0,2020-04-10 00:00:00,29049
Cole,Missouri,5,0,0,2020-04-10 00:00:00,29051
Dunklin,Missouri,1,0,0,2020-04-10 00:00:00,29069
Franklin,Missouri,1,0,0,2020-04-10 00:00:00,29071
Greene,Missouri,19,3,5,2020-04-10 00:00:00,29077
Henry,Missouri,1,0,0,2020-04-10 00:00:00,29083
Jackson,Missouri,36,1,0,2020-04-10 00:00:00,29095
Jasper,Missouri,1,0,0,2020-04-10 00:00:00,29097
Jefferson,Missouri,4,0,0,2020-04-10 00:00:00,29099
Johnson,Missouri,1,0,0,2020-04-10 00:00:00,29101
Lafayette,Missouri,1,0,0,2020-04-10 00:00:00,29107
Moniteau,Missouri,1,0,0,2020-04-10 00:00:00,29135
Pemiscot,Missouri,1,0,0,2020-04-10 00:00:00,29155
Perry,Missouri,2,0,0,2020-04-10 00:00:00,29157
Platte,Missouri,2,0,0,2020-04-10 00:00:00,29165
Pulaski,Missouri,4,0,0,2020-04-10 00:00:00,29169
Randolph,Missouri,1,0,0,2020-04-10 00:00:00,29175
Scott,Missouri,1,0,0,2020-04-10 00:00:00,29201
St. Charles,Missouri,11,1,0,2020-04-10 00:00:00,29183
St. Francois,Missouri,2,0,0,2020-04-10 00:00:00,29187
St. Louis,Missouri,100,1,0,2020-04-10 00:00:00,29189
St. Louis,Missouri,100,1,0,2020-04-10 00:00:00,29510
St. Louis City,Missouri,37,1,0,2020-04-10 00:00:00,
Taney,Missouri,1,0,0,2020-04-10 00:00:00,29213
Broadwater,Montana,1,0,0,2020-04-10 00:00:00,30007
Cascade,Montana,3,0,0,2020-04-10 00:00:00,30013
Flathead,Montana,4,0,0,2020-04-10 00:00:00,30029
Gallatin,Montana,18,0,0,2020-04-10 00:00:00,30031
Jefferson,Montana,1,0,0,2020-04-10 00:00:00,30043
Lewis and Clark,Montana,3,0,0,2020-04-10 00:00:00,30049
Madison,Montana,1,0,0,2020-04-10 00:00:00,30057
Missoula,Montana,6,0,0,2020-04-10 00:00:00,30063
Ravalli,Montana,1,0,0,2020-04-10 00:00:00,30081
Roosevelt,Montana,1,0,0,2020-04-10 00:00:00,30085
Silver Bow,Montana,3,0,0,2020-04-10 00:00:00,30093
Yellowstone,Montana,8,0,0,2020-04-10 00:00:00,30111
Coconino AZ,Navajo Nation,3,0,0,2020-04-10 00:00:00,
McKinley NM,Navajo Nation,1,0,0,2020-04-10 00:00:00,
Navajo AZ,Navajo Nation,18,0,0,2020-04-10 00:00:00,
Adams,Nebraska,1,0,0,2020-04-10 00:00:00,31001
Buffalo,Nebraska,2,0,0,2020-04-10 00:00:00,31019
Cass,Nebraska,2,0,0,2020-04-10 00:00:00,31025
Douglas,Nebraska,43,0,0,2020-04-10 00:00:00,31055
Knox,Nebraska,2,0,0,2020-04-10 00:00:00,31107
Lancaster,Nebraska,3,0,0,2020-04-10 00:00:00,31109
Lincoln,Nebraska,3,0,0,2020-04-10 00:00:00,31111
Madison,Nebraska,1,0,0,2020-04-10 00:00:00,31119
Nemaha,Nebraska,1,0,0,2020-04-10 00:00:00,31127
Sarpy,Nebraska,8,0,0,2020-04-10 00:00:00,31153
Saunders,Nebraska,1,0,0,2020-04-10 00:00:00,31155
Washington,Nebraska,3,0,0,2020-04-10 00:00:00,31177
Carson City,Nevada,2,0,0,2020-04-10 00:00:00,32510
Clark,Nevada,249,6,0,2020-04-10 00:00:00,32003
Douglas,Nevada,2,0,0,2020-04-10 00:00:00,32005
Elko,Nevada,2,0,0,2020-04-10 00:00:00,32007
Nye,Nevada,1,0,0,2020-04-10 00:00:00,32023
Washoe,Nevada,50,0,1,2020-04-10 00:00:00,32031
Belknap,New Hampshire,7,0,0,2020-04-10 00:00:00,33001
Carroll,New Hampshire,7,0,0,2020-04-10 00:00:00,33003
Cheshire,New Hampshire,1,0,0,2020-04-10 00:00:00,33005
Grafton,New Hampshire,21,0,0,2020-04-10 00:00:00,33009
Hillsborough,New Hampshire,9,0,0,2020-04-10 00:00:00,33011
Hillsborough-other,New Hampshire,11,1,0,2020-04-10 00:00:00,
Merrimack,New Hampshire,4,0,0,2020-04-10 00:00:00,33013
Rockingham,New Hampshire,42,0,0,2020-04-10 00:00:00,33015
Strafford,New Hampshire,5,0,0,2020-04-10 00:00:00,33017
Sullivan,New Hampshire,1,0,0,2020-04-10 00:00:00,33019
Atlantic,New Jersey,6,0,0,2020-04-10 00:00:00,34001
Bergen,New Jersey,701,12,0,2020-04-10 00:00:00,34003
Burlington,New Jersey,42,0,0,2020-04-10 00:00:00,34005
Camden,New Jersey,51,1,0,2020-04-10 00:00:00,34007
Cape May,New Jersey,3,0,0,2020-04-10 00:00:00,34009
Cumberland,New Jersey,2,0,0,2020-04-10 00:00:00,34011
Essex,New Jersey,342,5,0,2020-04-10 00:00:00,34013
Gloucester,New Jersey,19,0,0,2020-04-10 00:00:00,34015
Hudson,New Jersey,234,2,0,2020-04-10 00:00:00,34017
Hunterdon,New Jersey,25,0,0,2020-04-10 00:00:00,34019
Mercer,New Jersey,58,0,0,2020-04-10 00:00:00,34021
Middlesex,New Jersey,277,3,0,2020-04-10 00:00:00,34023
Monmouth,New Jersey,288,5,0,2020-04-10 00:00:00,34025
Morris,New Jersey,204,4,0,2020-04-10 00:00:00,34027
Ocean,New Jersey,180,4,0,2020-04-10 00:00:00,34029
Passaic,New Jersey,216,1,0,2020-04-10 00:00:00,34031
Salem,New Jersey,1,0,0,2020-04-10 00:00:00,34033
Somerset,New Jersey,102,4,0,2020-04-10 00:00:00,34035
Sussex,New Jersey,18,0,0,2020-04-10 00:00:00,34037
Union,New Jersey,246,3,0,2020-04-10 00:00:00,34039
Warren,New Jersey,15,1,0,2020-04-10 00:00:00,34041
unknown,New Jersey,645,0,0,2020-04-10 00:00:00,
Bernalillo,New Mexico,43,0,0,2020-04-10 00:00:00,35001
Chaves,New Mexico,4,0,0,2020-04-10 00:00:00,35005
Cibola,New Mexico,1,0,0,2020-04-10 00:00:00,35006
Curry,New Mexico,1,0,0,2020-04-10 00:00:00,35009
Dona Ana,New Mexico,13,0,0,2020-04-10 00:00:00,
Lea,New Mexico,1,0,0,2020-04-10 00:00:00,35025
McKinley,New Mexico,3,0,0,2020-04-10 00:00:00,35031
San Juan,New Mexico,7,0,0,2020-04-10 00:00:00,35045
San Miguel,New Mexico,1,0,0,2020-04-10 00:00:00,35047
Sandoval,New Mexico,7,0,0,2020-04-10 00:00:00,35043
Santa Fe,New Mexico,14,0,0,2020-04-10 00:00:00,35049
Socorro,New Mexico,2,0,0,2020-04-10 00:00:00,35053
Taos,New Mexico,3,0,0,2020-04-10 00:00:00,35055
Albany,New York,146,0,0,2020-04-10 00:00:00,36001
Allegany,New York,2,0,0,2020-04-10 00:00:00,36003
Bronx,New York,2328,44,0,2020-03-25 04:00:00,36005
Broome,New York,9,2,0,2020-04-10 00:00:00,36007
Cayuga,New York,2,0,0,2020-04-10 00:00:00,36011
Chautauqua,New York,2,0,0,2020-04-10 00:00:00,36013
Chemung,New York,3,0,0,2020-04-10 00:00:00,36015
Chenango,New York,3,0,0,2020-04-10 00:00:00,36017
Clinton,New York,6,0,0,2020-04-10 00:00:00,36019
Columbia,New York,18,0,0,2020-04-10 00:00:00,36021
Cortland,New York,3,0,0,2020-04-10 00:00:00,36023
Delaware,New York,3,0,0,2020-04-10 00:00:00,36025
Dutchess,New York,124,1,0,2020-04-10 00:00:00,36027
Erie,New York,121,1,0,2020-04-10 00:00:00,36029
Essex,New York,4,0,0,2020-04-10 00:00:00,36031
Franklin,New York,1,0,0,2020-04-10 00:00:00,36033
Fulton,New York,1,0,0,2020-04-10 00:00:00,36035
Genesee,New York,1,0,0,2020-04-10 00:00:00,36037
Greene,New York,4,0,0,2020-04-10 00:00:00,36039
Hamilton,New York,2,0,0,2020-04-10 00:00:00,36041
Herkimer,New York,4,0,0,2020-04-10 00:00:00,36043
Jefferson,New York,2,0,0,2020-04-10 00:00:00,36045
Kings,New York,4237,45,0,2020-03-25 04:00:00,36047
Livingston,New York,3,0,0,2020-04-10 00:00:00,36051
Madison,New York,4,1,14,2020-04-10 00:00:00,36053
Monroe,New York,106,3,0,2020-04-10 00:00:00,36055
Montgomery,New York,3,0,0,2020-04-10 00:00:00,36057
Nassau,New York,2869,34,0,2020-04-10 00:00:00,36059
New York,New York,2887,35,0,2020-03-25 04:00:00,36061
Niagara,New York,10,0,0,2020-04-10 00:00:00,36063
Oneida,New York,10,0,0,2020-04-10 00:00:00,36065
Onondaga,New York,60,1,0,2020-04-10 00:00:00,36067
Ontario,New York,6,0,0,2020-04-10 00:00:00,36069
Orange,New York,498,0,0,2020-04-10 00:00:00,36071
Oswego,New York,2,0,0,2020-04-10 00:00:00,36075
Otsego,New York,1,0,0,2020-04-10 00:00:00,36077
Putnam,New York,82,0,0,2020-04-10 00:00:00,36079
Queens,New York,4364,60,0,2020-03-25 04:00:00,36081
Rensselaer,New York,36,0,0,2020-04-10 00:00:00,36083
Richmond,New York,953,4,0,2020-03-25 04:00:00,36085
Rockland,New York,671,5,0,2020-04-10 00:00:00,36087
Saratoga,New York,53,0,0,2020-04-10 00:00:00,36091
Schenectady,New York,44,1,0,2020-04-10 00:00:00,36093
Schoharie,New York,1,0,0,2020-04-10 00:00:00,36095
St. Lawrence,New York,1,0,0,2020-04-10 00:00:00,36089
Steuben,New York,8,0,0,2020-04-10 00:00:00,36101
Suffolk,New York,1880,17,0,2020-04-10 00:00:00,36103
Sullivan,New York,23,0,0,2020-04-10 00:00:00,36105
Tioga,New York,1,0,0,2020-04-10 00:00:00,36107
Tompkins,New York,18,0,0,2020-04-10 00:00:00,36109
Ulster,New York,35,0,0,2020-04-10 00:00:00,36111
Warren,New York,2,0,0,2020-04-10 00:00:00,36113
Washington,New York,3,0,0,2020-04-10 00:00:00,36115
Wayne,New York,6,0,0,2020-04-10 00:00:00,36117
Westchester,New York,3891,6,0,2020-04-10 00:00:00,36119
Wyoming,New York,4,1,0,2020-04-10 00:00:00,36121
unknown,New York,0,4,0,2020-04-10 00:00:00,
Alamance,North Carolina,3,0,0,2020-04-10 00:00:00,37001
Beaufort,North Carolina,2,0,0,2020-04-10 00:00:00,37013
Bertie,North Carolina,3,0,0,2020-04-10 00:00:00,37015
Brunswick,North Carolina,10,0,0,2020-04-10 00:00:00,37019
Buncombe,North Carolina,16,0,0,2020-04-10 00:00:00,37021
Burke,North Carolina,2,0,0,2020-04-10 00:00:00,37023
Cabarrus,North Carolina,12,0,0,2020-04-10 00:00:00,37025
Caldwell,North Carolina,1,0,0,2020-04-10 00:00:00,37027
Carteret,North Carolina,5,0,0,2020-04-10 00:00:00,37031
Catawba,North Carolina,4,0,0,2020-04-10 00:00:00,37035
Chatham,North Carolina,3,0,0,2020-04-10 00:00:00,37037
Cherokee,North Carolina,4,0,0,2020-04-10 00:00:00,37039
Craven,North Carolina,3,0,0,2020-04-10 00:00:00,37049
Cumberland,North Carolina,5,0,0,2020-04-10 00:00:00,37051
Davidson,North Carolina,3,0,0,2020-04-10 00:00:00,37057
Davie,North Carolina,1,0,0,2020-04-10 00:00:00,37059
Duplin,North Carolina,1,0,0,2020-04-10 00:00:00,37061
Durham,North Carolina,74,0,0,2020-04-10 00:00:00,37063
Forsyth,North Carolina,14,0,0,2020-04-10 00:00:00,37067
Franklin,North Carolina,5,0,0,2020-04-10 00:00:00,37069
Gaston,North Carolina,3,0,0,2020-04-10 00:00:00,37071
Granville,North Carolina,1,0,0,2020-04-10 00:00:00,37077
Guilford,North Carolina,16,0,0,2020-04-10 00:00:00,37081
Harnett,North Carolina,9,0,0,2020-04-10 00:00:00,37085
Henderson,North Carolina,2,0,0,2020-04-10 00:00:00,37089
Hertford,North Carolina,1,0,0,2020-04-10 00:00:00,37091
Hoke,North Carolina,2,0,0,2020-04-10 00:00:00,37093
Iredell,North Carolina,9,0,0,2020-04-10 00:00:00,37097
Jackson,North Carolina,1,0,0,2020-04-10 00:00:00,37099
Johnston,North Carolina,4,0,0,2020-04-10 00:00:00,37101
Lee,North Carolina,1,0,0,2020-04-10 00:00:00,37105
Lenoir,North Carolina,1,0,0,2020-04-10 00:00:00,37107
Lincoln,North Carolina,1,0,0,2020-04-10 00:00:00,37109
McDowell,North Carolina,2,0,0,2020-04-10 00:00:00,37111
Mecklenburg,North Carolina,142,0,0,2020-04-10 00:00:00,37119
Montgomery,North Carolina,1,0,0,2020-04-10 00:00:00,37123
Moore,North Carolina,2,0,0,2020-04-10 00:00:00,37125
Nash,North Carolina,4,0,0,2020-04-10 00:00:00,37127
New Hanover,North Carolina,9,0,0,2020-04-10 00:00:00,37129
Northampton,North Carolina,1,0,0,2020-04-10 00:00:00,37131
Onslow,North Carolina,3,0,0,2020-04-10 00:00:00,37133
Orange,North Carolina,11,0,0,2020-04-10 00:00:00,37135
Pasquotank,North Carolina,1,0,0,2020-04-10 00:00:00,37139
Person,North Carolina,1,0,0,2020-04-10 00:00:00,37145
Pitt,North Carolina,6,0,0,2020-04-10 00:00:00,37147
Randolph,North Carolina,3,0,0,2020-04-10 00:00:00,37151
Robeson,North Carolina,2,0,0,2020-04-10 00:00:00,37155
Rowan,North Carolina,6,0,0,2020-04-10 00:00:00,37159
Sampson,North Carolina,1,0,0,2020-04-10 00:00:00,37163
Scotland,North Carolina,1,0,0,2020-04-10 00:00:00,37165
Stanly,North Carolina,1,0,0,2020-04-10 00:00:00,37167
Transylvania,North Carolina,1,0,0,2020-04-10 00:00:00,37175
Union,North Carolina,18,0,0,2020-04-10 00:00:00,37179
Vance,North Carolina,2,0,0,2020-04-10 00:00:00,37181
Wake,North Carolina,73,0,0,2020-04-10 00:00:00,37183
Watauga,North Carolina,3,0,0,2020-04-10 00:00:00,37189
Wayne,North Carolina,2,0,0,2020-04-10 00:00:00,37191
Wilson,North Carolina,6,0,0,2020-04-10 00:00:00,37195
Burleigh,North Dakota,18,0,0,2020-04-10 00:00:00,38015
Cass,North Dakota,3,0,0,2020-04-10 00:00:00,38017
Dunn,North Dakota,1,0,0,2020-04-10 00:00:00,38025
Morton,North Dakota,7,0,0,2020-04-10 00:00:00,38059
Pierce,North Dakota,2,0,0,2020-04-10 00:00:00,38069
Ramsey,North Dakota,1,0,0,2020-04-10 00:00:00,38071
Walsh,North Dakota,1,0,0,2020-04-10 00:00:00,38099
Ward,North Dakota,3,0,0,2020-04-10 00:00:00,38101
Ashland,Ohio,1,0,0,2020-04-10 00:00:00,39005
Ashtabula,Ohio,3,0,0,2020-04-10 00:00:00,39007
Belmont,Ohio,2,0,0,2020-04-10 00:00:00,39013
Butler,Ohio,18,0,0,2020-04-10 00:00:00,39017
Carroll,Ohio,3,0,0,2020-04-10 00:00:00,39019
Champaign,Ohio,1,0,0,2020-04-10 00:00:00,39021
Clark,Ohio,2,0,0,2020-04-10 00:00:00,39023
Clermont,Ohio,5,0,0,2020-04-10 00:00:00,39025
Clinton,Ohio,1,0,0,2020-04-10 00:00:00,39027
Columbiana,Ohio,3,0,0,2020-04-10 00:00:00,39029
Coshocton,Ohio,3,0,0,2020-04-10 00:00:00,39031
Crawford,Ohio,1,0,0,2020-04-10 00:00:00,39033
Cuyahoga,Ohio,167,2,0,2020-04-10 00:00:00,39035
Darke,Ohio,1,0,0,2020-04-10 00:00:00,39037
Defiance,Ohio,2,0,0,2020-04-10 00:00:00,39039
Delaware,Ohio,11,0,0,2020-04-10 00:00:00,39041
Erie,Ohio,1,1,0,2020-04-10 00:00:00,39043
Fairfield,Ohio,2,0,0,2020-04-10 00:00:00,39045
Franklin,Ohio,75,2,0,2020-04-10 00:00:00,39049
Gallia,Ohio,1,1,0,2020-04-10 00:00:00,39053
Geauga,Ohio,4,0,0,2020-04-10 00:00:00,39055
Greene,Ohio,3,0,0,2020-04-10 00:00:00,39057
Hamilton,Ohio,38,0,0,2020-04-10 00:00:00,39061
Hancock,Ohio,1,0,0,2020-04-10 00:00:00,39063
Highland,Ohio,1,0,0,2020-04-10 00:00:00,39071
Huron,Ohio,2,0,0,2020-04-10 00:00:00,39077
Knox,Ohio,1,0,0,2020-04-10 00:00:00,39083
Lake,Ohio,11,0,0,2020-04-10 00:00:00,39085
Licking,Ohio,2,0,0,2020-04-10 00:00:00,39089
Logan,Ohio,2,0,0,2020-04-10 00:00:00,39091
Lorain,Ohio,30,0,0,2020-04-10 00:00:00,39093
Lucas,Ohio,13,1,0,2020-04-10 00:00:00,39095
Madison,Ohio,1,0,0,2020-04-10 00:00:00,39097
Mahoning,Ohio,28,0,0,2020-04-10 00:00:00,39099
Marion,Ohio,4,0,0,2020-04-10 00:00:00,39101
Medina,Ohio,15,0,0,2020-04-10 00:00:00,39103
Miami,Ohio,19,2,0,2020-04-10 00:00:00,39109
Montgomery,Ohio,10,0,0,2020-04-10 00:00:00,39113
Portage,Ohio,4,0,0,2020-04-10 00:00:00,39133
Richland,Ohio,4,0,0,2020-04-10 00:00:00,39139
Sandusky,Ohio,1,0,0,2020-04-10 00:00:00,39143
Seneca,Ohio,1,0,0,2020-04-10 00:00:00,39147
Stark,Ohio,13,1,0,2020-04-10 00:00:00,39151
Summit,Ohio,36,0,0,2020-04-10 00:00:00,39153
Trumbull,Ohio,4,0,0,2020-04-10 00:00:00,39155
Tuscarawas,Ohio,3,0,0,2020-04-10 00:00:00,39157
Union,Ohio,2,0,0,2020-04-10 00:00:00,39159
Warren,Ohio,7,0,0,2020-04-10 00:00:00,39165
Washington,Ohio,1,0,0,2020-04-10 00:00:00,39167
Wood,Ohio,2,0,0,2020-04-10 00:00:00,39173
Canadian,Oklahoma,4,0,0,2020-04-10 00:00:00,40017
Cleveland,Oklahoma,22,1,0,2020-04-10 00:00:00,40027
Custer,Oklahoma,2,0,0,2020-04-10 00:00:00,40039
Garvin,Oklahoma,2,0,0,2020-04-10 00:00:00,40049
Grady,Oklahoma,1,0,0,2020-04-10 00:00:00,40051
Jackson,Oklahoma,1,0,0,2020-04-10 00:00:00,40065
Kay,Oklahoma,5,0,0,2020-04-10 00:00:00,40071
Logan,Oklahoma,1,0,0,2020-04-10 00:00:00,40083
Mayes,Oklahoma,1,0,0,2020-04-10 00:00:00,40097
McClain,Oklahoma,1,0,0,2020-04-10 00:00:00,40087
Muskogee,Oklahoma,1,0,0,2020-04-10 00:00:00,40101
Noble,Oklahoma,2,0,0,2020-04-10 00:00:00,40103
Oklahoma,Oklahoma,41,0,0,2020-04-10 00:00:00,40109
Pawnee,Oklahoma,4,1,0,2020-04-10 00:00:00,40117
Payne,Oklahoma,3,0,0,2020-04-10 00:00:00,40119
Pontotoc,Oklahoma,1,0,0,2020-04-10 00:00:00,40123
Tulsa,Oklahoma,12,1,0,2020-04-10 00:00:00,40143
Washington,Oklahoma,2,0,0,2020-04-10 00:00:00,40147
unknown,Oklahoma,0,0,1,2020-04-10 00:00:00,
Benton,Oregon,4,0,0,2020-04-10 00:00:00,41003
Clackamas,Oregon,17,1,0,2020-04-10 00:00:00,41005
Clatsop,Oregon,1,0,0,2020-04-10 00:00:00,41007
Deschutes,Oregon,10,0,0,2020-04-10 00:00:00,41017
Douglas,Oregon,3,0,0,2020-04-10 00:00:00,41019
Grant,Oregon,1,0,0,2020-04-10 00:00:00,41023
Hood River,Oregon,1,0,0,2020-04-10 00:00:00,41027
Jackson,Oregon,3,0,0,2020-04-10 00:00:00,41029
Josephine,Oregon,1,0,0,2020-04-10 00:00:00,41033
Klamath,Oregon,1,0,0,2020-04-10 00:00:00,41035
Lane,Oregon,5,1,0,2020-04-10 00:00:00,41039
Lincoln,Oregon,1,0,0,2020-04-10 00:00:00,41041
Linn,Oregon,21,1,0,2020-04-10 00:00:00,41043
Marion,Oregon,32,1,0,2020-04-10 00:00:00,41047
Multnomah,Oregon,25,2,0,2020-04-10 00:00:00,41051
Polk,Oregon,3,0,0,2020-04-10 00:00:00,41053
Umatilla,Oregon,2,0,0,2020-04-10 00:00:00,41059
Union,Oregon,1,0,0,2020-04-10 00:00:00,41061
Washington,Oregon,76,2,0,2020-04-10 00:00:00,41067
Yamhill,Oregon,6,0,0,2020-04-10 00:00:00,41071
Adams,Pennsylvania,6,0,0,2020-04-10 00:00:00,42001
Allegheny,Pennsylvania,58,2,0,2020-04-10 00:00:00,42003
Beaver,Pennsylvania,3,0,0,2020-04-10 00:00:00,42007
Berks,Pennsylvania,16,0,0,2020-04-10 00:00:00,42011
Bradford,Pennsylvania,1,0,0,2020-04-10 00:00:00,42015
Bucks,Pennsylvania,69,0,0,2020-04-10 00:00:00,42017
Butler,Pennsylvania,6,0,0,2020-04-10 00:00:00,42019
Cambria,Pennsylvania,1,0,0,2020-04-10 00:00:00,42021
Centre,Pennsylvania,7,0,0,2020-04-10 00:00:00,42027
Chester,Pennsylvania,40,0,0,2020-04-10 00:00:00,42029
Columbia,Pennsylvania,1,0,0,2020-04-10 00:00:00,42037
Cumberland,Pennsylvania,13,0,0,2020-04-10 00:00:00,42041
Dauphin,Pennsylvania,4,0,0,2020-04-10 00:00:00,42043
Delaware,Pennsylvania,84,0,0,2020-04-10 00:00:00,42045
Erie,Pennsylvania,5,0,0,2020-04-10 00:00:00,42049
Fayette,Pennsylvania,2,0,0,2020-04-10 00:00:00,42051
Franklin,Pennsylvania,3,0,0,2020-04-10 00:00:00,42055
Juniata,Pennsylvania,1,0,0,2020-04-10 00:00:00,42067
Lackawanna,Pennsylvania,15,1,0,2020-04-10 00:00:00,42069
Lancaster,Pennsylvania,10,0,0,2020-04-10 00:00:00,42071
Lebanon,Pennsylvania,3,0,0,2020-04-10 00:00:00,42075
Lehigh,Pennsylvania,27,1,0,2020-04-10 00:00:00,42077
Luzerne,Pennsylvania,21,0,0,2020-04-10 00:00:00,42079
Mercer,Pennsylvania,2,0,0,2020-04-10 00:00:00,42085
Monroe,Pennsylvania,45,1,0,2020-04-10 00:00:00,42089
Montgomery,Pennsylvania,159,1,0,2020-04-10 00:00:00,42091
Montour,Pennsylvania,3,0,0,2020-04-10 00:00:00,42093
Northampton,Pennsylvania,33,2,0,2020-04-10 00:00:00,42095
Philadelphia,Pennsylvania,252,0,0,2020-04-10 00:00:00,42101
Pike,Pennsylvania,4,0,0,2020-04-10 00:00:00,42103
Potter,Pennsylvania,1,0,0,2020-04-10 00:00:00,42105
Schuylkill,Pennsylvania,5,0,0,2020-04-10 00:00:00,42107
Washington,Pennsylvania,9,0,0,2020-04-10 00:00:00,42125
Wayne,Pennsylvania,4,0,0,2020-04-10 00:00:00,42127
Westmoreland,Pennsylvania,11,0,0,2020-04-10 00:00:00,42129
York,Pennsylvania,18,0,0,2020-04-10 00:00:00,42133
Armstrong,Pennsylvania,1,0,0,2020-04-10 00:00:00,
Carbon,Pennsylvania,1,0,0,2020-04-10 00:00:00,
Clearfield,Pennsylvania,1,0,0,2020-04-10 00:00:00,
Somerset,Pennsylvania,1,0,0,2020-04-10 00:00:00,
Puerto Rico,Puerto Rico,39,2,0,2020-04-10 00:00:00,72000
Bristol,Rhode Island,5,0,0,2020-04-10 00:00:00,44001
Kent,Rhode Island,7,0,0,2020-04-10 00:00:00,44003
Newport,Rhode Island,9,0,0,2020-04-10 00:00:00,44005
Providence,Rhode Island,90,0,0,2020-04-10 00:00:00,44007
Washington,Rhode Island,13,0,0,2020-04-10 00:00:00,44009
Abbeville,South Carolina,1,0,0,2020-04-10 00:00:00,45001
Aiken,South Carolina,2,0,0,2020-04-10 00:00:00,45003
Anderson,South Carolina,16,0,0,2020-04-10 00:00:00,45007
Beaufort,South Carolina,22,0,0,2020-04-10 00:00:00,45013
Berkeley,South Carolina,4,0,0,2020-04-10 00:00:00,45015
Calhoun,South Carolina,1,0,0,2020-04-10 00:00:00,45017
Charleston,South Carolina,36,0,0,2020-04-10 00:00:00,45019
Chester,South Carolina,1,0,0,2020-04-10 00:00:00,45023
Chesterfield,South Carolina,1,0,0,2020-04-10 00:00:00,45025
Clarendon,South Carolina,5,1,0,2020-04-10 00:00:00,45027
Colleton,South Carolina,1,0,0,2020-04-10 00:00:00,45029
Darlington,South Carolina,8,0,0,2020-04-10 00:00:00,45031
Dillon,South Carolina,1,0,0,2020-04-10 00:00:00,45033
Dorchester,South Carolina,3,0,0,2020-04-10 00:00:00,45035
Edgefield,South Carolina,1,0,0,2020-04-10 00:00:00,45037
Fairfield,South Carolina,2,0,0,2020-04-10 00:00:00,45039
Florence,South Carolina,5,2,0,2020-04-10 00:00:00,45041
Georgetown,South Carolina,2,0,0,2020-04-10 00:00:00,45043
Greenville,South Carolina,39,0,0,2020-04-10 00:00:00,45045
Greenwood,South Carolina,2,0,0,2020-04-10 00:00:00,45047
Horry,South Carolina,19,1,0,2020-04-10 00:00:00,45051
Jasper,South Carolina,2,0,0,2020-04-10 00:00:00,45053
Kershaw,South Carolina,58,1,0,2020-04-10 00:00:00,45055
Lancaster,South Carolina,6,0,0,2020-04-10 00:00:00,45057
Lee,South Carolina,2,0,0,2020-04-10 00:00:00,45061
Lexington,South Carolina,18,1,0,2020-04-10 00:00:00,45063
Marlboro,South Carolina,1,0,0,2020-04-10 00:00:00,45069
Newberry,South Carolina,1,0,0,2020-04-10 00:00:00,45071
Oconee,South Carolina,2,0,0,2020-04-10 00:00:00,45073
Orangeburg,South Carolina,8,0,0,2020-04-10 00:00:00,45075
Pickens,South Carolina,1,0,0,2020-04-10 00:00:00,45077
Richland,South Carolina,45,0,0,2020-04-10 00:00:00,45079
Saluda,South Carolina,1,0,0,2020-04-10 00:00:00,45081
Spartanburg,South Carolina,4,0,0,2020-04-10 00:00:00,45083
Sumter,South Carolina,8,0,0,2020-04-10 00:00:00,45085
York,South Carolina,11,0,0,2020-04-10 00:00:00,45091
Beadle,South Dakota,13,0,0,2020-04-10 00:00:00,46005
Bon Homme,South Dakota,1,0,0,2020-04-10 00:00:00,46009
Brookings,South Dakota,1,0,0,2020-04-10 00:00:00,46011
Brown,South Dakota,1,0,0,2020-04-10 00:00:00,46013
Charles Mix,South Dakota,1,0,0,2020-04-10 00:00:00,46023
Codington,South Dakota,1,0,0,2020-04-10 00:00:00,46029
Davison,South Dakota,2,0,0,2020-04-10 00:00:00,46035
Hughes,South Dakota,1,0,0,2020-04-10 00:00:00,46065
Lyman,South Dakota,1,0,0,2020-04-10 00:00:00,46085
McCook,South Dakota,2,0,0,2020-04-10 00:00:00,46087
Minnehaha,South Dakota,5,0,0,2020-04-10 00:00:00,46099
Pennington,South Dakota,1,1,0,2020-04-10 00:00:00,46103
Anderson,Tennessee,1,0,0,2020-04-10 00:00:00,47001
Blount,Tennessee,3,0,0,2020-04-10 00:00:00,47009
Bradley,Tennessee,2,0,0,2020-04-10 00:00:00,47011
Campbell,Tennessee,2,0,0,2020-04-10 00:00:00,47013
Carroll,Tennessee,3,0,0,2020-04-10 00:00:00,47017
Cheatham,Tennessee,5,0,0,2020-04-10 00:00:00,47021
Chester,Tennessee,1,0,0,2020-04-10 00:00:00,47023
Claiborne,Tennessee,1,0,0,2020-04-10 00:00:00,47025
Cocke,Tennessee,1,0,0,2020-04-10 00:00:00,47029
Cumberland,Tennessee,3,0,0,2020-04-10 00:00:00,47035
Davidson,Tennessee,253,2,0,2020-04-10 00:00:00,47037
Dekalb,Tennessee,1,0,0,2020-04-10 00:00:00,47041
Dickson,Tennessee,5,0,0,2020-04-10 00:00:00,47043
Dyer,Tennessee,2,0,0,2020-04-10 00:00:00,47045
Fayette,Tennessee,2,0,0,2020-04-10 00:00:00,47047
Franklin,Tennessee,1,0,0,2020-04-10 00:00:00,47051
Gibson,Tennessee,2,0,0,2020-04-10 00:00:00,47053
Greene,Tennessee,5,0,0,2020-04-10 00:00:00,47059
Grundy,Tennessee,1,0,0,2020-04-10 00:00:00,47061
Hamblen,Tennessee,2,0,0,2020-04-10 00:00:00,47063
Hamilton,Tennessee,15,0,0,2020-04-10 00:00:00,47065
Hardin,Tennessee,1,0,0,2020-04-10 00:00:00,47071
Houston,Tennessee,1,0,0,2020-04-10 00:00:00,47083
Jefferson,Tennessee,4,0,0,2020-04-10 00:00:00,47089
Knox,Tennessee,15,0,0,2020-04-10 00:00:00,47093
Lincoln,Tennessee,1,0,0,2020-04-10 00:00:00,47103
Loudon,Tennessee,2,0,0,2020-04-10 00:00:00,47105
Madison,Tennessee,1,0,0,2020-04-10 00:00:00,47113
Marion,Tennessee,1,0,0,2020-04-10 00:00:00,47115
Maury,Tennessee,6,0,0,2020-04-10 00:00:00,47119
McMinn,Tennessee,2,0,0,2020-04-10 00:00:00,47107
Monroe,Tennessee,2,0,0,2020-04-10 00:00:00,47123
Montgomery,Tennessee,6,0,0,2020-04-10 00:00:00,47125
Out-of-state,Tennessee,95,0,0,2020-04-10 00:00:00,
Overton,Tennessee,1,0,0,2020-04-10 00:00:00,47133
Perry,Tennessee,1,0,0,2020-04-10 00:00:00,47135
Putnam,Tennessee,8,0,0,2020-04-10 00:00:00,47141
Roane,Tennessee,1,0,0,2020-04-10 00:00:00,47145
Robertson,Tennessee,12,0,0,2020-04-10 00:00:00,47147
Rutherford,Tennessee,13,0,0,2020-04-10 00:00:00,47149
Scott,Tennessee,1,0,0,2020-04-10 00:00:00,47151
Sevier,Tennessee,2,0,0,2020-04-10 00:00:00,47155
Shelby,Tennessee,135,0,0,2020-04-10 00:00:00,47157
Sullivan,Tennessee,2,0,0,2020-04-10 00:00:00,47163
Sumner,Tennessee,34,0,0,2020-04-10 00:00:00,47165
Tipton,Tennessee,6,0,0,2020-04-10 00:00:00,47167
Washington,Tennessee,7,0,0,2020-04-10 00:00:00,47179
Williamson,Tennessee,64,0,0,2020-04-10 00:00:00,47187
Wilson,Tennessee,7,0,0,2020-04-10 00:00:00,47189
unknown,Tennessee,38,0,0,2020-04-10 00:00:00,
Atascosa,Texas,2,0,0,2020-04-10 00:00:00,48013
Bastrop,Texas,1,0,0,2020-04-10 00:00:00,48021
Bell,Texas,18,0,0,2020-04-10 00:00:00,48027
Bexar,Texas,69,2,0,2020-04-10 00:00:00,48029
Blanco,Texas,1,0,0,2020-04-10 00:00:00,48031
Bowie,Texas,1,0,0,2020-04-10 00:00:00,48037
Brazoria,Texas,28,0,0,2020-04-10 00:00:00,48039
Brazos,Texas,16,0,0,2020-04-10 00:00:00,48041
Brown,Texas,2,0,0,2020-04-10 00:00:00,48049
Burnet,Texas,1,0,0,2020-04-10 00:00:00,48053
Cameron,Texas,6,0,0,2020-04-10 00:00:00,48061
Cass,Texas,1,0,0,2020-04-10 00:00:00,48067
Castro,Texas,4,0,0,2020-04-10 00:00:00,48069
Chambers,Texas,1,0,0,2020-04-10 00:00:00,48071
Collin,Texas,53,1,8,2020-04-10 00:00:00,48085
Comal,Texas,5,0,0,2020-04-10 00:00:00,48091
Coryell,Texas,1,0,0,2020-04-10 00:00:00,48099
Crane,Texas,1,0,0,2020-04-10 00:00:00,48103
Dallas,Texas,169,5,0,2020-04-10 00:00:00,48113
DeWitt,Texas,2,0,0,2020-04-10 00:00:00,48123
Deaf Smith,Texas,1,0,0,2020-04-10 00:00:00,48117
Denton,Texas,51,0,0,2020-04-10 00:00:00,48121
Eastland,Texas,1,0,0,2020-04-10 00:00:00,48133
El Paso,Texas,12,0,0,2020-04-10 00:00:00,48141
Ellis,Texas,7,0,0,2020-04-10 00:00:00,48139
Erath,Texas,1,0,0,2020-04-10 00:00:00,48143
Falls,Texas,1,0,0,2020-04-10 00:00:00,48145
Fannin,Texas,1,0,0,2020-04-10 00:00:00,48147
Fayette,Texas,1,0,0,2020-04-10 00:00:00,48149
Fort Bend,Texas,46,0,0,2020-04-10 00:00:00,48157
Gaines,Texas,1,0,0,2020-04-10 00:00:00,48165
Galveston,Texas,22,0,0,2020-04-10 00:00:00,48167
Grayson,Texas,2,0,0,2020-04-10 00:00:00,48181
Gregg,Texas,1,0,0,2020-04-10 00:00:00,48183
Grimes,Texas,2,0,0,2020-04-10 00:00:00,48185
Guadalupe,Texas,4,0,0,2020-04-10 00:00:00,48187
Hale,Texas,1,0,0,2020-04-10 00:00:00,48189
Hardin,Texas,2,0,0,2020-04-10 00:00:00,48199
Harris--Houston,Texas,55,0,0,2020-04-10 00:00:00,
Harris--Non Houston,Texas,79,1,0,2020-04-10 00:00:00,
Hays,Texas,9,0,0,2020-04-10 00:00:00,48209
Hidalgo,Texas,5,0,0,2020-04-10 00:00:00,48215
Hockley,Texas,5,0,0,2020-04-10 00:00:00,48219
Hopkins,Texas,1,0,0,2020-04-10 00:00:00,48223
Hunt,Texas,1,0,0,2020-04-10 00:00:00,48231
Jefferson,Texas,6,0,0,2020-04-10 00:00:00,48245
Johnson,Texas,3,0,0,2020-04-10 00:00:00,48251
Kaufman,Texas,2,0,0,2020-04-10 00:00:00,48257
Kendall,Texas,1,0,0,2020-04-10 00:00:00,48259
Lamar,Texas,1,0,0,2020-04-10 00:00:00,48277
Lavaca,Texas,1,0,0,2020-04-10 00:00:00,48285
Liberty,Texas,1,0,0,2020-04-10 00:00:00,48291
Limestone,Texas,1,0,0,2020-04-10 00:00:00,48293
Llano,Texas,1,0,0,2020-04-10 00:00:00,48299
Lubbock,Texas,14,0,0,2020-04-10 00:00:00,48303
Matagorda,Texas,6,1,0,2020-04-10 00:00:00,48321
Maverick,Texas,1,0,0,2020-04-10 00:00:00,48323
McLennan,Texas,24,0,0,2020-04-10 00:00:00,48309
Medina,Texas,1,0,0,2020-04-10 00:00:00,48325
Midland,Texas,3,1,0,2020-04-10 00:00:00,48329
Milam,Texas,2,0,0,2020-04-10 00:00:00,48331
Montgomery,Texas,23,0,0,2020-04-10 00:00:00,48339
Morris,Texas,1,0,0,2020-04-10 00:00:00,48343
Nueces,Texas,10,0,0,2020-04-10 00:00:00,48355
Oldham,Texas,1,1,0,2020-04-10 00:00:00,48359
Orange,Texas,1,0,0,2020-04-10 00:00:00,48361
Parker,Texas,1,0,0,2020-04-10 00:00:00,48367
Potter,Texas,3,0,0,2020-04-10 00:00:00,48375
Randall,Texas,2,0,0,2020-04-10 00:00:00,48381
Robertson,Texas,1,0,0,2020-04-10 00:00:00,48395
Rusk,Texas,2,0,0,2020-04-10 00:00:00,48401
San Patricio,Texas,1,0,0,2020-04-10 00:00:00,48409
Smith,Texas,14,0,0,2020-04-10 00:00:00,48423
Tarrant,Texas,71,1,2,2020-04-10 00:00:00,48439
Terry,Texas,1,0,0,2020-04-10 00:00:00,48445
Tom Green,Texas,1,0,0,2020-04-10 00:00:00,48451
Travis,Texas,98,0,0,2020-04-10 00:00:00,48453
Van Zandt,Texas,1,0,0,2020-04-10 00:00:00,48467
Victoria,Texas,3,0,0,2020-04-10 00:00:00,48469
Walker,Texas,1,0,0,2020-04-10 00:00:00,48471
Webb,Texas,5,0,0,2020-04-10 00:00:00,48479
Wharton,Texas,3,0,0,2020-04-10 00:00:00,48481
Wichita,Texas,8,0,0,2020-04-10 00:00:00,48485
Williamson,Texas,14,0,0,2020-04-10 00:00:00,48491
Wilson,Texas,1,0,0,2020-04-10 00:00:00,48493
Young,Texas,1,0,0,2020-04-10 00:00:00,48503
St. Croix,United States Virgin Islands,9,0,0,2020-04-10 00:00:00,78010
St. Thomas,United States Virgin Islands,8,0,0,2020-04-10 00:00:00,78030
Box Elder,Utah,1,0,0,2020-03-25 04:00:00,49003
Cache,Utah,4,0,0,2020-03-25 04:00:00,49005
Davis,Utah,31,1,0,2020-03-25 04:00:00,49011
Salt Lake,Utah,127,0,0,2020-03-25 04:00:00,49035
Summit,Utah,90,0,0,2020-03-25 04:00:00,49043
Tooele,Utah,2,0,0,2020-03-25 04:00:00,49045
Utah,Utah,14,0,0,2020-03-25 04:00:00,49049
Wasatch,Utah,16,0,0,2020-03-25 04:00:00,49051
Washington,Utah,1,0,0,2020-03-25 04:00:00,49053
Weber,Utah,4,0,0,2020-03-25 04:00:00,49057
unknown,Utah,8,0,0,2020-03-25 04:00:00,
Addison,Vermont,8,0,0,2020-04-10 00:00:00,50001
Bennington,Vermont,9,0,0,2020-04-10 00:00:00,50003
Caledonia,Vermont,1,0,0,2020-04-10 00:00:00,50005
Chittenden,Vermont,40,6,0,2020-04-10 00:00:00,50007
Franklin,Vermont,2,0,0,2020-04-10 00:00:00,50011
Lamoille,Vermont,2,0,0,2020-04-10 00:00:00,50015
Orange,Vermont,3,0,0,2020-04-10 00:00:00,50017
Orleans,Vermont,2,0,0,2020-04-10 00:00:00,50019
Rutland,Vermont,5,0,0,2020-04-10 00:00:00,50021
Washington,Vermont,3,0,0,2020-04-10 00:00:00,50023
Windham,Vermont,5,0,0,2020-04-10 00:00:00,50025
Windsor,Vermont,17,1,0,2020-04-10 00:00:00,50027
Accomack,Virginia,2,0,0,2020-04-10 00:00:00,51001
Albemarle,Virginia,4,0,0,2020-04-10 00:00:00,51003
Alexandria,Virginia,8,0,0,2020-04-10 00:00:00,51510
Amherst,Virginia,1,0,0,2020-04-10 00:00:00,51009
Arlington,Virginia,36,0,0,2020-04-10 00:00:00,51013
Bedford,Virginia,2,0,0,2020-04-10 00:00:00,51019
Botetourt,Virginia,1,0,0,2020-04-10 00:00:00,51023
Charles City,Virginia,1,0,0,2020-04-10 00:00:00,51036
Charlottesville,Virginia,5,0,0,2020-04-10 00:00:00,51540
Chesapeake,Virginia,1,0,0,2020-04-10 00:00:00,51550
Chesterfield,Virginia,10,0,0,2020-04-10 00:00:00,51041
Culpeper,Virginia,2,0,0,2020-04-10 00:00:00,51047
Danville,Virginia,1,0,0,2020-04-10 00:00:00,51590
Fairfax,Virginia,46,1,0,2020-04-10 00:00:00,51059
Fairfax,Virginia,46,1,0,2020-04-10 00:00:00,51600
Fluvanna,Virginia,1,0,0,2020-04-10 00:00:00,51065
Franklin,Virginia,1,0,0,2020-04-10 00:00:00,51620
Franklin,Virginia,1,0,0,2020-04-10 00:00:00,51067
Gloucester,Virginia,2,0,0,2020-04-10 00:00:00,51073
Goochland,Virginia,3,0,0,2020-04-10 00:00:00,51075
Halifax,Virginia,1,0,0,2020-04-10 00:00:00,51083
Hanover,Virginia,1,0,0,2020-04-10 00:00:00,51085
Harrisonburg,Virginia,1,0,0,2020-04-10 00:00:00,51660
Henrico,Virginia,14,2,0,2020-04-10 00:00:00,51087
Isle of Wight,Virginia,2,0,0,2020-04-10 00:00:00,51093
James City,Virginia,37,2,0,2020-04-10 00:00:00,51095
Lee,Virginia,2,0,0,2020-04-10 00:00:00,51105
Loudoun,Virginia,18,0,0,2020-04-10 00:00:00,51107
Louisa,Virginia,3,0,0,2020-04-10 00:00:00,51109
Lynchburg,Virginia,2,0,0,2020-04-10 00:00:00,51680
Madison,Virginia,1,0,0,2020-04-10 00:00:00,51113
Mecklenburg,Virginia,2,0,0,2020-04-10 00:00:00,51117
Nelson,Virginia,1,0,0,2020-04-10 00:00:00,51125
Newport News,Virginia,3,1,0,2020-04-10 00:00:00,51700
Norfolk,Virginia,5,0,0,2020-04-10 00:00:00,51710
Orange,Virginia,1,0,0,2020-04-10 00:00:00,51137
Portsmouth,Virginia,3,0,0,2020-04-10 00:00:00,51740
Prince Edward,Virginia,2,0,0,2020-04-10 00:00:00,51147
Prince William,Virginia,23,0,0,2020-04-10 00:00:00,51153
Radford,Virginia,1,0,0,2020-04-10 00:00:00,51750
Richmond City,Virginia,11,0,0,2020-04-10 00:00:00,
Rockbridge,Virginia,2,0,0,2020-04-10 00:00:00,51163
Rockingham,Virginia,3,0,0,2020-04-10 00:00:00,51165
Spotsylvania,Virginia,2,0,0,2020-04-10 00:00:00,51177
Stafford,Virginia,6,0,0,2020-04-10 00:00:00,51179
Suffolk,Virginia,1,0,0,2020-04-10 00:00:00,51800
Virginia Beach,Virginia,17,1,2,2020-04-10 00:00:00,51810
Williamsburg,Virginia,5,1,0,2020-04-10 00:00:00,51830
York,Virginia,6,1,0,2020-04-10 00:00:00,51199
Adams,Washington,1,0,0,2020-04-10 00:00:00,53001
Benton,Washington,12,3,0,2020-04-10 00:00:00,53005
Benton,Washington,10,1,0,2020-03-25 04:00:00,53005
Chelan,Washington,10,1,0,2020-04-10 00:00:00,53007
Clallam,Washington,4,0,0,2020-04-10 00:00:00,53009
Clark,Washington,16,5,0,2020-04-10 00:00:00,53011
Columbia,Washington,1,0,0,2020-04-10 00:00:00,53013
Cowlitz,Washington,3,0,0,2020-04-10 00:00:00,53015
Douglas,Washington,2,0,0,2020-04-10 00:00:00,53017
Franklin,Washington,7,0,0,2020-04-10 00:00:00,53021
Franklin,Washington,7,0,0,2020-03-25 04:00:00,53021
Grant,Washington,27,0,0,2020-04-10 00:00:00,53025
Grays Harbor,Washington,1,0,0,2020-04-10 00:00:00,53027
Island,Washington,54,1,0,2020-04-10 00:00:00,53029
Jefferson,Washington,10,0,0,2020-04-10 00:00:00,53031
King,Washington,1277,94,0,2020-04-10 00:00:00,53033
Kitsap,Washington,20,0,0,2020-04-10 00:00:00,53035
Kittitas,Washington,6,0,0,2020-04-10 00:00:00,53037
Klickitat,Washington,6,0,0,2020-04-10 00:00:00,53039
Lewis,Washington,2,0,0,2020-04-10 00:00:00,53041
Lincoln,Washington,1,0,0,2020-04-10 00:00:00,53043
Mason,Washington,2,0,0,2020-04-10 00:00:00,53045
Pierce,Washington,138,1,0,2020-04-10 00:00:00,53053
San Juan,Washington,1,0,0,2020-04-10 00:00:00,53055
Skagit,Washington,63,1,0,2020-04-10 00:00:00,53057
Snohomish,Washington,614,16,243,2020-04-10 00:00:00,53061
Spokane,Washington,54,0,0,2020-04-10 00:00:00,53063
Stevens,Washington,2,0,0,2020-04-10 00:00:00,53065
Thurston,Washington,14,0,0,2020-04-10 00:00:00,53067
Walla Walla,Washington,2,0,0,2020-04-10 00:00:00,53071
Whatcom,Washington,66,2,0,2020-04-10 00:00:00,53073
Whitman,Washington,2,0,0,2020-04-10 00:00:00,53075
Yakima,Washington,51,1,0,2020-04-10 00:00:00,53077
Berkeley,West Virginia,2,0,0,2020-04-10 00:00:00,54003
Harrison,West Virginia,3,0,0,2020-04-10 00:00:00,54033
Jackson,West Virginia,2,0,0,2020-04-10 00:00:00,54035
Jefferson,West Virginia,3,0,0,2020-04-10 00:00:00,54037
Kanawha,West Virginia,4,0,0,2020-04-10 00:00:00,54039
Marshall,West Virginia,2,0,0,2020-04-10 00:00:00,54051
Mercer,West Virginia,2,0,0,2020-04-10 00:00:00,54055
Monongalia,West Virginia,16,0,0,2020-04-10 00:00:00,54061
Preston,West Virginia,1,0,0,2020-04-10 00:00:00,54077
Putnam,West Virginia,1,0,0,2020-04-10 00:00:00,54079
Tucker,West Virginia,2,0,0,2020-04-10 00:00:00,54093
Wood,West Virginia,1,0,0,2020-04-10 00:00:00,54107
Bayfield,Wisconsin,1,0,0,2020-04-10 00:00:00,55007
Brown,Wisconsin,3,0,0,2020-04-10 00:00:00,55009
Calumet,Wisconsin,1,0,0,2020-04-10 00:00:00,55015
Chippewa,Wisconsin,1,0,0,2020-04-10 00:00:00,55017
Columbia,Wisconsin,5,0,0,2020-04-10 00:00:00,55021
Dane,Wisconsin,72,0,1,2020-04-10 00:00:00,55025
Dodge,Wisconsin,3,0,0,2020-04-10 00:00:00,55027
Douglas,Wisconsin,4,0,0,2020-04-10 00:00:00,55031
Dunn,Wisconsin,1,0,0,2020-04-10 00:00:00,55033
Eau Claire,Wisconsin,5,0,0,2020-04-10 00:00:00,55035
Fond du Lac,Wisconsin,17,1,0,2020-04-10 00:00:00,55039
Green,Wisconsin,1,0,0,2020-04-10 00:00:00,55045
Iowa,Wisconsin,1,0,0,2020-04-10 00:00:00,55049
Jefferson,Wisconsin,4,0,0,2020-04-10 00:00:00,55055
Kenosha,Wisconsin,13,0,0,2020-04-10 00:00:00,55059
La Crosse,Wisconsin,10,0,0,2020-04-10 00:00:00,55063
Marathon,Wisconsin,1,0,0,2020-04-10 00:00:00,55073
Milwaukee,Wisconsin,243,3,0,2020-04-10 00:00:00,55079
Outagamie,Wisconsin,2,0,0,2020-04-10 00:00:00,55087
Ozaukee,Wisconsin,16,1,0,2020-04-10 00:00:00,55089
Pierce,Wisconsin,3,0,0,2020-04-10 00:00:00,55093
Racine,Wisconsin,5,0,0,2020-04-10 00:00:00,55101
Rock,Wisconsin,3,0,0,2020-04-10 00:00:00,55105
Sauk,Wisconsin,4,0,0,2020-04-10 00:00:00,55111
Sheboygan,Wisconsin,6,0,0,2020-04-10 00:00:00,55117
St. Croix,Wisconsin,4,0,0,2020-04-10 00:00:00,55109
Walworth,Wisconsin,4,0,0,2020-04-10 00:00:00,55127
Washington,Wisconsin,17,0,0,2020-04-10 00:00:00,55131
Waukesha,Wisconsin,31,0,0,2020-04-10 00:00:00,55133
Winnebago,Wisconsin,5,0,0,2020-04-10 00:00:00,55139
Wood,Wisconsin,1,0,0,2020-04-10 00:00:00,55141
unknown,Wuhan Evacuee,4,0,0,2020-04-10 00:00:00,
Campbell,Wyoming,1,0,0,2020-04-10 00:00:00,56005
Carbon,Wyoming,3,0,0,2020-04-10 00:00:00,56007
Fremont,Wyoming,12,0,0,2020-04-10 00:00:00,56013
Laramie,Wyoming,8,0,0,2020-04-10 00:00:00,56021
Natrona,Wyoming,3,0,0,2020-04-10 00:00:00,56025
Park,Wyoming,1,0,0,2020-04-10 00:00:00,56029
Sheridan,Wyoming,4,0,0,2020-04-10 00:00:00,56033
Sweetwater,Wyoming,1,0,0,2020-04-10 00:00:00,56037
Teton,Wyoming,3,0,0,2020-04-10 00:00:00,56039
